Date,Open,High,Low,Close,Volume,Dividends,Stock Splits
2016-08-11 00:00:00+05:30,408.8088808643176,413.8353931341722,406.37123878312207,407.1648864746094,5038552,0.0,0.0
2016-08-12 00:00:00+05:30,406.2956816520147,407.7129261866816,400.6077884658466,401.571533203125,7449928,0.0,0.0
2016-08-16 00:00:00+05:30,393.8050380056697,399.87086342673746,388.5139914297778,397.5087890625,16429408,0.0,0.0
2016-08-17 00:00:00+05:30,396.8095886923741,397.830032525412,389.4588315291548,390.5170593261719,6599316,0.0,0.0
2016-08-18 00:00:00+05:30,391.7263804119497,392.7089940399659,386.0574024030937,386.7754821777344,8434000,0.0,0.0
2016-08-19 00:00:00+05:30,389.2697926053693,392.6711791426978,384.9046844958902,385.9817810058594,5686016,0.0,0.0
2016-08-22 00:00:00+05:30,384.7346261522343,389.2698083858559,381.3710234354464,383.7709045410156,10253518,0.0,0.0
2016-08-23 00:00:00+05:30,385.52831369452633,393.8050313538644,385.52831369452633,392.9169006347656,7406138,0.0,0.0
2016-08-24 00:00:00+05:30,395.6946822876027,401.38257559176486,395.6946822876027,399.62518310546875,6129966,0.0,0.0
2016-08-25 00:00:00+05:30,398.71812273146736,399.70073636632293,390.06347368418795,391.5941162109375,4796562,0.0,0.0
2016-08-26 00:00:00+05:30,391.53744941305746,395.316768422836,384.3756352761006,385.58502197265625,6881054,0.0,0.0
2016-08-29 00:00:00+05:30,384.5833950227549,389.2697586252887,382.08905433996784,386.54864501953125,5220282,0.0,0.0
2016-08-30 00:00:00+05:30,390.1957616919059,394.9388253689418,387.38018756283765,393.2003479003906,4375438,0.0,0.0
2016-08-31 00:00:00+05:30,391.95318883039175,395.2223091971501,388.4384496206504,391.48077392578125,11139814,0.0,0.0
2016-09-01 00:00:00+05:30,392.293280868181,393.21919549552365,390.0256896492898,392.12322998046875,2877826,0.0,0.0
2016-09-02 00:00:00+05:30,392.69016203878897,393.04917889272514,387.8337001806347,389.9690246582031,3332592,0.0,0.0
2016-09-06 00:00:00+05:30,392.387802401456,396.41278643743556,391.3862736211582,394.9388427734375,8215044,0.0,0.0
2016-09-07 00:00:00+05:30,396.07258457133565,400.22983498191263,394.56085714930765,398.4724426269531,7425470,0.0,0.0
2016-09-08 00:00:00+05:30,394.9388929370506,394.9388929370506,387.0023218828132,392.1611022949219,9092774,0.0,0.0
2016-09-09 00:00:00+05:30,391.9154086331709,393.4271363424599,387.9660384463608,391.3485107421875,5053438,0.0,0.0
2016-09-12 00:00:00+05:30,387.4746681806937,399.8519375129714,387.4746681806937,398.3402099609375,6203096,0.0,0.0
2016-09-14 00:00:00+05:30,398.3212797794512,399.7763544004123,393.29481354046663,395.1655578613281,5152418,0.0,0.0
2016-09-15 00:00:00+05:30,395.1656541799965,395.61920021948185,391.2918515308762,393.88067626953125,4701722,0.0,0.0
2016-09-16 00:00:00+05:30,396.45057027554856,402.3085148315743,392.3311032641353,400.6645202636719,9949384,0.0,0.0
2016-09-19 00:00:00+05:30,395.3167333651584,403.9713823568884,393.55934095460833,401.061279296875,5809154,0.0,0.0
2016-09-20 00:00:00+05:30,398.07565697040644,399.53068544249015,395.2222528993079,396.8851623535156,4214004,0.0,0.0
2016-09-21 00:00:00+05:30,398.34014518244584,401.0801509249247,397.2252647478293,399.00152587890625,4231532,0.0,0.0
2016-09-22 00:00:00+05:30,400.2298647980271,400.98572856535105,397.5843416123933,400.154296875,3629514,0.0,0.0
2016-09-23 00:00:00+05:30,399.4740372129729,400.15433311888734,393.04919460879074,394.012939453125,5205294,0.0,0.0
2016-09-26 00:00:00+05:30,394.0884271551702,394.5608419563632,389.6477280239564,391.4996032714844,6371798,0.0,0.0
2016-09-27 00:00:00+05:30,391.17838959312405,396.7906684793297,390.53587775147713,392.95465087890625,6525660,0.0,0.0
2016-09-28 00:00:00+05:30,393.04912961671835,393.91839133784384,390.49808959276373,392.65228271484375,5434708,0.0,0.0
2016-09-29 00:00:00+05:30,394.9199262923359,394.9199262923359,387.0022713239363,388.9674987792969,8902638,0.0,0.0
2016-09-30 00:00:00+05:30,389.685484253896,394.52302992760906,389.685484253896,391.5562744140625,6502354,0.0,0.0
2016-10-03 00:00:00+05:30,391.34844107823096,393.04913444844055,387.79587236694107,392.3310546875,3656160,0.0,0.0
2016-10-04 00:00:00+05:30,393.0490773405983,397.35750914599015,392.40661172556986,396.5260314941406,5066586,0.0,0.0
2016-10-05 00:00:00+05:30,396.52614615450557,396.7718111257312,391.91539525230286,393.6160888671875,2307574,0.0,0.0
2016-10-06 00:00:00+05:30,394.9387924152444,394.9387924152444,387.739172051961,388.2872009277344,3721882,0.0,0.0
2016-10-07 00:00:00+05:30,389.25092773740363,390.7060024066822,381.7489890231975,382.6749267578125,6288558,0.0,0.0
2016-10-10 00:00:00+05:30,384.35671620828816,389.93121135486854,381.7111930878771,389.25091552734375,5413170,0.0,0.0
2016-10-13 00:00:00+05:30,386.01958103014545,399.85187680427373,386.01958103014545,397.716552734375,9778690,0.0,0.0
2016-10-14 00:00:00+05:30,397.92449516544406,409.1868377773827,376.51464442617686,388.1927490234375,33461690,0.0,0.0
2016-10-17 00:00:00+05:30,391.1405697705103,393.72943998323456,384.48897809611503,386.3975524902344,8014858,0.0,0.0
2016-10-18 00:00:00+05:30,389.2698529164706,393.2381378248424,388.2494552508808,392.6901550292969,6388134,0.0,0.0
2016-10-19 00:00:00+05:30,393.80502959425746,395.2033591343127,391.5374382530237,393.7294616699219,3509836,0.0,0.0
2016-10-20 00:00:00+05:30,394.844319965399,397.0929961312629,390.7059844553599,391.7830810546875,3535490,0.0,0.0
2016-10-21 00:00:00+05:30,395.354603777631,397.64651452416797,390.5797897223456,396.61517333984375,3863620,5.5,0.0
2016-10-24 00:00:00+05:30,396.30953787691783,398.2958417283957,391.7257167159318,392.3368835449219,2902974,0.0,0.0
2016-10-25 00:00:00+05:30,395.927606557259,396.84438023978555,387.79132755429816,388.5552978515625,5636014,0.0,0.0
2016-10-26 00:00:00+05:30,388.4789166025192,389.5675650076014,385.5376261403622,387.40936279296875,2775216,0.0,0.0
2016-10-27 00:00:00+05:30,388.8227087383395,388.8418033336826,382.4053393153963,383.3221130371094,7227790,0.0,0.0
2016-10-28 00:00:00+05:30,383.97144140906653,385.8049652940946,379.3685254464323,381.0301513671875,5840706,0.0,0.0
2016-11-01 00:00:00+05:30,384.5826951321555,384.5826951321555,376.79021103205605,377.95526123046875,6332798,0.0,0.0
2016-11-02 00:00:00+05:30,376.17893465239086,377.2102991204853,374.3454107727348,374.7464904785156,5377194,0.0,0.0
2016-11-03 00:00:00+05:30,374.74658229223036,375.10947290142525,368.6539135837265,369.3223876953125,5225108,0.0,0.0
2016-11-04 00:00:00+05:30,369.37959133977137,374.03981421813063,367.08768074200646,370.90753173828125,6005548,0.0,0.0
2016-11-07 00:00:00+05:30,376.255399281758,376.6373844586938,372.43554751240003,373.5624084472656,4537672,0.0,0.0
2016-11-08 00:00:00+05:30,376.98120859957555,377.3058866984104,370.7548310988688,375.3386535644531,5261108,0.0,0.0
2016-11-09 00:00:00+05:30,355.2461316111097,372.282657199125,344.16856406624714,366.0563049316406,12764158,0.0,0.0
2016-11-10 00:00:00+05:30,367.6607005138674,367.6607005138674,357.15610907061404,358.83685302734375,7287330,0.0,0.0
2016-11-11 00:00:00+05:30,359.06600148688545,360.9759270267093,350.92972335013997,352.01837158203125,7096782,0.0,0.0
2016-11-15 00:00:00+05:30,352.95421606518295,359.04688279111673,347.05254188041,352.7823181152344,9235850,0.0,0.0
2016-11-16 00:00:00+05:30,355.24614312182655,365.5024337345357,354.69226006373253,359.4097900390625,12222616,0.0,0.0
2016-11-17 00:00:00+05:30,356.8696384425125,362.50391959533783,353.87106423953037,355.1697998046875,5706730,0.0,0.0
2016-11-18 00:00:00+05:30,355.24618198560637,356.4876336968464,350.47136771160626,351.42633056640625,6040228,0.0,0.0
2016-11-21 00:00:00+05:30,354.06208763155325,354.06208763155325,346.4414783055781,348.0267028808594,7940568,0.0,0.0
2016-11-22 00:00:00+05:30,350.2422105658342,354.73053629881525,348.23678842982144,349.2108459472656,5483126,0.0,0.0
2016-11-23 00:00:00+05:30,352.2285138203929,352.5341206061811,348.54237094069754,351.5218505859375,8251786,0.0,0.0
2016-11-24 00:00:00+05:30,354.5585888742645,359.0278193885724,352.6868524824835,355.3607482910156,16780644,0.0,0.0
2016-11-25 00:00:00+05:30,355.4181053799665,376.255391698969,355.4181053799665,373.3905029296875,12631380,0.0,0.0
2016-11-28 00:00:00+05:30,374.0781019969569,375.66334990403817,370.75482609138766,374.25,7365712,0.0,0.0
2016-11-29 00:00:00+05:30,373.887050323585,376.1407719751198,369.4178195232245,371.51873779296875,6125506,0.0,0.0
2016-11-30 00:00:00+05:30,371.67157235711454,373.1995130451191,367.10684488879593,372.6456298828125,8500918,0.0,0.0
2016-12-01 00:00:00+05:30,372.8175067550955,375.70148997743775,369.37964040182106,372.6647033691406,4611590,0.0,0.0
2016-12-02 00:00:00+05:30,368.5392429739055,370.3727669062092,367.125893352195,368.4246520996094,4453228,0.0,0.0
2016-12-05 00:00:00+05:30,368.95943528879815,369.99077645714175,365.9417435268082,367.33599853515625,3659576,0.0,0.0
2016-12-06 00:00:00+05:30,367.3933551099442,374.1544977100291,367.3360713195312,369.1886901855469,3562110,0.0,0.0
2016-12-07 00:00:00+05:30,369.7616491314806,371.67157500509364,366.7821694315493,369.1504821777344,3385980,0.0,0.0
2016-12-08 00:00:00+05:30,370.5447066733252,376.6755639422244,370.5447066733252,376.1217041015625,5941662,0.0,0.0
2016-12-09 00:00:00+05:30,376.25536614000055,385.0983315329579,374.9184181384878,377.9169921875,8648384,0.0,0.0
2016-12-12 00:00:00+05:30,375.4149840380818,375.4149840380818,368.6920550232951,373.3331604003906,5345020,0.0,0.0
2016-12-13 00:00:00+05:30,374.53640839176063,379.25391527568,370.9457389549041,378.2416687011719,4854282,0.0,0.0
2016-12-14 00:00:00+05:30,378.54730867165034,383.87600652927733,375.91160163662306,381.8896789550781,5382614,0.0,0.0
2016-12-15 00:00:00+05:30,380.99197076765427,389.22374550025,377.783286410653,379.06292724609375,7966416,0.0,0.0
2016-12-16 00:00:00+05:30,383.4367291004321,385.69045104748534,381.1257233635881,383.9524230957031,6436742,0.0,0.0
2016-12-19 00:00:00+05:30,384.3152734237289,385.13655087190386,379.73145134541215,383.76141357421875,4124134,0.0,0.0
2016-12-20 00:00:00+05:30,382.7491533230345,389.2429014333055,382.4817590320594,386.6263122558594,7636498,0.0,0.0
2016-12-21 00:00:00+05:30,388.0968684098347,390.3887790500503,381.3166327658637,382.5771789550781,7343976,0.0,0.0
2016-12-22 00:00:00+05:30,382.94013958684894,384.6590728817525,370.3346287575562,376.14080810546875,7060054,0.0,0.0
2016-12-23 00:00:00+05:30,376.21719951041564,384.506258965209,371.90074848080246,377.5732421875,7306036,0.0,0.0
2016-12-26 00:00:00+05:30,377.4013265698534,379.6932374599537,372.4737088303284,375.3959045410156,3213828,0.0,0.0
2016-12-27 00:00:00+05:30,375.3959417655147,382.71096740759003,374.3454825033878,381.5841064453125,4912816,0.0,0.0
2016-12-28 00:00:00+05:30,383.1119783286641,385.72856705820277,380.07519198108685,381.4121398925781,5476816,0.0,0.0
2016-12-29 00:00:00+05:30,383.4175669713781,385.04100374311247,377.4586083821148,379.06292724609375,6240124,0.0,0.0
2016-12-30 00:00:00+05:30,381.2212364420839,386.56902933806504,379.215814106091,386.03424072265625,7267768,0.0,0.0
2017-01-02 00:00:00+05:30,386.22518607387957,386.93187260882024,381.73686044244215,382.40533447265625,2335222,0.0,0.0
2017-01-03 00:00:00+05:30,383.55124217895985,383.85684892061136,375.10938051756045,379.6358947753906,6778482,0.0,0.0
2017-01-04 00:00:00+05:30,380.09436772134603,383.58954161910356,379.02481382671556,381.125732421875,7073586,0.0,0.0
2017-01-05 00:00:00+05:30,382.5963575216019,385.61404985269826,377.68785714894045,380.5145568847656,8207074,0.0,0.0
2017-01-06 00:00:00+05:30,380.0370439770796,381.5458667033603,369.78072847023617,371.38507080078125,14393448,0.0,0.0
2017-01-09 00:00:00+05:30,371.3850829093129,373.1804178778736,368.61569041654616,370.6593017578125,10545692,0.0,0.0
2017-01-10 00:00:00+05:30,373.1994961667431,374.7274367856448,369.7425351793827,370.7356872558594,11939854,0.0,0.0
2017-01-11 00:00:00+05:30,372.129962111493,373.75339910508416,368.21461406812614,370.18182373046875,12241574,0.0,0.0
2017-01-12 00:00:00+05:30,373.4096357899431,383.6659526236891,373.4096357899431,382.0043029785156,11855740,0.0,0.0
2017-01-13 00:00:00+05:30,393.4447199929295,397.2645716433463,367.7371230485293,372.7411193847656,31276246,0.0,0.0
2017-01-16 00:00:00+05:30,368.61564953117926,368.7875475021552,363.8217408245331,365.0440979003906,12351372,0.0,0.0
2017-01-17 00:00:00+05:30,365.27328643835153,368.23367124347277,363.8026529900035,364.9486083984375,5560094,0.0,0.0
2017-01-18 00:00:00+05:30,365.9799541506707,367.0877203850299,362.8094821442769,363.19146728515625,5952962,0.0,0.0
2017-01-19 00:00:00+05:30,363.267864807858,366.5529276559161,362.16009858621015,365.9799499511719,8876480,0.0,0.0
2017-01-20 00:00:00+05:30,362.88588877113335,364.08915130707845,361.3579481868338,362.3893127441406,9124742,0.0,0.0
2017-01-23 00:00:00+05:30,360.9759159069198,365.9417221574912,359.0659904259308,363.9172058105469,7948580,0.0,0.0
2017-01-24 00:00:00+05:30,362.88587364834933,362.88587364834933,359.10421153399454,361.18603515625,6826010,0.0,0.0
2017-01-25 00:00:00+05:30,361.39613178075064,361.6635260417681,357.07970435983304,357.76727294921875,9978090,0.0,0.0
2017-01-27 00:00:00+05:30,356.7168033619238,361.9500042917039,344.225908296254,359.8872985839844,10635138,0.0,0.0
2017-01-30 00:00:00+05:30,358.1110587849545,363.4588505961431,354.8068780900898,362.6375732421875,11369208,0.0,0.0
2017-01-31 00:00:00+05:30,359.6390438868156,359.6390438868156,345.4482852456629,354.71142578125,24068534,0.0,0.0
2017-02-01 00:00:00+05:30,351.8465015138483,352.64868429288134,345.75385721042073,350.18487548828125,11531782,0.0,0.0
2017-02-02 00:00:00+05:30,350.2803499409735,360.975933145278,347.64464332553285,357.4998779296875,11828268,0.0,0.0
2017-02-03 00:00:00+05:30,356.6977023099175,359.4098106652047,351.8273920037454,357.5762634277344,8423958,0.0,0.0
2017-02-06 00:00:00+05:30,358.01555716140615,360.4984604652729,355.45625216990067,357.2515869140625,6727934,0.0,0.0
2017-02-07 00:00:00+05:30,356.3921439640716,362.8094898034139,354.6923053883694,359.9255065917969,9268002,0.0,0.0
2017-02-08 00:00:00+05:30,357.53816388522756,360.632234823808,356.1821210248504,357.7291564941406,6319962,0.0,0.0
2017-02-09 00:00:00+05:30,357.9200442033893,362.88585057974365,357.7481462428421,361.35791015625,11907266,0.0,0.0
2017-02-10 00:00:00+05:30,361.45348252593647,371.2896010728774,360.3266215634789,369.8762512207031,12252452,0.0,0.0
2017-02-13 00:00:00+05:30,371.61422061028213,376.6755235312393,367.7943693491824,376.0070495605469,13724268,0.0,0.0
2017-02-14 00:00:00+05:30,374.34539224124956,377.7832580883631,371.42319694539515,377.28668212890625,9338818,0.0,0.0
2017-02-15 00:00:00+05:30,377.8596579934075,381.5267055539449,370.06715278411565,375.032958984375,7259486,0.0,0.0
2017-02-16 00:00:00+05:30,378.5472701647292,387.2947391139209,378.18437962225204,386.6071472167969,12815858,0.0,0.0
2017-02-17 00:00:00+05:30,387.2374526628136,387.2374526628136,379.19666977597507,382.0233459472656,4851208,0.0,0.0
2017-02-20 00:00:00+05:30,380.648186577691,393.82667371961804,379.5022311740451,385.9004821777344,4650662,0.0,0.0
2017-02-21 00:00:00+05:30,390.42692677310436,391.3437002576411,382.004160727681,387.1800537109375,7613996,0.0,0.0
2017-02-22 00:00:00+05:30,387.7149166059387,387.7149166059387,376.7901509416691,378.22259521484375,6607838,0.0,0.0
2017-02-23 00:00:00+05:30,381.56507958294424,389.624959117304,379.4450427714175,385.3658142089844,9542656,0.0,0.0
2017-02-27 00:00:00+05:30,384.7736026425528,390.77077362601267,384.63991717777566,386.72174072265625,5328696,0.0,0.0
2017-02-28 00:00:00+05:30,386.5116302572618,390.65618275412925,385.518478281577,386.72174072265625,5940132,0.0,0.0
2017-03-01 00:00:00+05:30,386.5689275424031,392.29870413641106,385.84314651468713,391.592041015625,4282448,0.0,0.0
2017-03-02 00:00:00+05:30,391.30557360516957,392.68071073719534,388.28788177466834,390.8853759765625,2948498,0.0,0.0
2017-03-03 00:00:00+05:30,385.90053566313,395.0872980739173,382.13799089215047,393.9031066894531,5401612,0.0,0.0
2017-03-06 00:00:00+05:30,389.6440303550035,395.71758154131203,389.510344849918,394.9345397949219,5286386,0.0,0.0
2017-03-07 00:00:00+05:30,390.38886451326323,391.840426888123,387.60037728678793,389.5484924316406,4644496,0.0,0.0
2017-03-08 00:00:00+05:30,388.440739779404,388.440739779404,383.6850196143382,384.96466064453125,6179176,0.0,0.0
2017-03-09 00:00:00+05:30,384.96461993211267,386.9509473256126,381.6031553586249,386.3970642089844,3480630,0.0,0.0
2017-03-10 00:00:00+05:30,387.7149538376262,392.5470756422992,387.1037868815246,390.33154296875,4550324,0.0,0.0
2017-03-14 00:00:00+05:30,390.6944140769399,397.9903445673466,390.6944140769399,395.27825927734375,7878396,0.0,0.0
2017-03-15 00:00:00+05:30,395.3164917370161,395.3164917370161,384.850087959503,386.5499267578125,6373978,0.0,0.0
2017-03-16 00:00:00+05:30,387.0655373525507,394.09404993354434,387.0655373525507,393.0054016113281,6702956,0.0,0.0
2017-03-17 00:00:00+05:30,395.50744429694004,398.37233299916477,389.3383746323399,397.3791809082031,9507846,0.0,0.0
2017-03-20 00:00:00+05:30,392.1268585224946,392.1268585224946,387.7531007544862,390.19781494140625,4427388,0.0,0.0
2017-03-21 00:00:00+05:30,389.96862162441215,395.33548462827264,389.16643887693033,394.5333251953125,4869584,0.0,0.0
2017-03-22 00:00:00+05:30,390.56070244794046,397.2454189360865,389.77763759110377,392.56610107421875,3990852,0.0,0.0
2017-03-23 00:00:00+05:30,392.7762316920921,398.4105126718717,392.1459468668498,397.4364318847656,4501662,0.0,0.0
2017-03-24 00:00:00+05:30,396.5005848462623,398.7924957413274,392.56611915811527,393.9794921875,4883896,0.0,0.0
2017-03-27 00:00:00+05:30,392.37511680508334,397.9712084268822,391.3437755796249,393.0054016113281,7684824,0.0,0.0
2017-03-28 00:00:00+05:30,394.01767118528664,396.88255973001725,393.4638113849235,395.41192626953125,4796796,0.0,0.0
2017-03-29 00:00:00+05:30,395.08722819116656,397.8375024030172,391.8594259503654,394.1513366699219,6981186,0.0,0.0
2017-03-30 00:00:00+05:30,394.9725812579992,395.6983622514958,389.72028629446197,391.7257080078125,12157180,0.0,0.0
2017-03-31 00:00:00+05:30,390.86626856191197,393.17729715713955,385.04099556355465,390.4842834472656,14153854,0.0,0.0
2017-04-03 00:00:00+05:30,394.2660172099818,394.3805847878148,384.31528450964504,385.3466491699219,4315600,0.0,0.0
2017-04-05 00:00:00+05:30,383.8951020505716,384.0479054468495,378.5473095841955,380.4381408691406,7398338,0.0,0.0
2017-04-06 00:00:00+05:30,381.2784766246785,384.20064895549234,378.9292586890532,381.83233642578125,5379008,0.0,0.0
2017-04-07 00:00:00+05:30,382.3289573795464,382.3289573795464,373.9634730188913,374.9375305175781,6404508,0.0,0.0
2017-04-10 00:00:00+05:30,376.2171629122547,377.9742851800063,362.92406177022355,364.18463134765625,9528472,0.0,0.0
2017-04-11 00:00:00+05:30,365.1969014893051,371.1749784698209,365.1969014893051,369.43695068359375,8655466,0.0,0.0
2017-04-12 00:00:00+05:30,370.52559595979193,373.161302823872,366.8394299319084,370.0863037109375,6696752,0.0,0.0
2017-04-13 00:00:00+05:30,370.5255926943397,378.165295636491,353.9665458930359,355.7809753417969,30973188,0.0,0.0
2017-04-17 00:00:00+05:30,355.246149387187,356.0483087858014,352.76324619254535,353.29803466796875,7213434,0.0,0.0
2017-04-18 00:00:00+05:30,353.240727513707,356.7740897516111,351.08250233447626,352.4385681152344,4647518,0.0,0.0
2017-04-19 00:00:00+05:30,352.5722969782618,355.24619305502,348.6187599620073,351.1207580566406,10071702,0.0,0.0
2017-04-20 00:00:00+05:30,351.9993344252042,355.1316174845135,350.8724735099343,354.21484375,4549000,0.0,0.0
2017-04-21 00:00:00+05:30,357.07971704268857,357.07971704268857,351.8465157737006,352.8396911621094,3577466,0.0,0.0
2017-04-24 00:00:00+05:30,350.47141391691173,354.67325103199187,348.7524805516517,353.9283752441406,5556666,0.0,0.0
2017-04-25 00:00:00+05:30,353.6800337503798,356.392118790501,351.6363993591704,354.99786376953125,4737060,0.0,0.0
2017-04-26 00:00:00+05:30,355.2271219252427,357.3662296021416,347.6829146389035,349.2299499511719,9084496,0.0,0.0
2017-04-27 00:00:00+05:30,349.8984000312415,354.86420701858447,349.8984000312415,353.4317626953125,7797208,0.0,0.0
2017-04-28 00:00:00+05:30,354.04284499972533,354.2529554352087,349.745513056949,351.0251770019531,5029702,0.0,0.0
2017-05-02 00:00:00+05:30,352.9541914799789,353.87096493950014,349.55451515831487,352.4194030761719,3231126,0.0,0.0
2017-05-03 00:00:00+05:30,353.9092533034797,358.7222570285323,350.5286939388028,356.88873291015625,4659448,0.0,0.0
2017-05-04 00:00:00+05:30,357.9200963153162,358.932366319072,354.82602583306385,358.16839599609375,5279806,0.0,0.0
2017-05-05 00:00:00+05:30,357.5381779325181,358.0538486710325,351.4264142071759,355.8192443847656,4432788,0.0,0.0
2017-05-08 00:00:00+05:30,358.3020730263212,362.3320117220814,356.0101621114407,361.1669616699219,4707098,0.0,0.0
2017-05-09 00:00:00+05:30,363.1150849422824,363.63077889866133,359.86821107180185,361.60626220703125,5649372,0.0,0.0
2017-05-10 00:00:00+05:30,361.79727528850975,362.88592373390134,357.9774234597318,360.4603271484375,3364302,0.0,0.0
2017-05-11 00:00:00+05:30,361.6826920087521,362.82864765537374,358.13023416713054,360.6322326660156,3229482,0.0,0.0
2017-05-12 00:00:00+05:30,364.0318298735457,368.99763657696235,363.4397575833504,368.32916259765625,10979996,0.0,0.0
2017-05-15 00:00:00+05:30,368.0426317310335,368.0426317310335,362.54203714634986,363.4779052734375,7297164,0.0,0.0
2017-05-16 00:00:00+05:30,364.070025796568,366.7630396717857,361.72083118597135,364.7958068847656,6130168,0.0,0.0
2017-05-17 00:00:00+05:30,363.49705749545245,366.11366974785454,360.536672598579,363.9554443359375,2915508,0.0,0.0
2017-05-18 00:00:00+05:30,360.2120450493079,372.0153971026091,360.1547379432668,367.374267578125,8057848,0.0,0.0
2017-05-19 00:00:00+05:30,367.27871103716564,367.73709786673123,362.06460456558716,365.92266845703125,4257396,0.0,0.0
2017-05-22 00:00:00+05:30,366.0946238787576,369.34149806876184,365.38793727221736,367.2596740722656,5503052,0.0,0.0
2017-05-23 00:00:00+05:30,368.481982267336,369.3796380391399,364.45202030515594,365.67437744140625,4039982,0.0,0.0
2017-05-24 00:00:00+05:30,366.70574885592646,368.80666720874683,362.7330939175111,364.71942138671875,5636286,0.0,0.0
2017-05-25 00:00:00+05:30,367.0877533233683,376.86656448151075,367.0877533233683,375.60601806640625,10438514,0.0,0.0
2017-05-26 00:00:00+05:30,377.01937561225947,381.98518299114437,374.574661115306,380.3426513671875,4988004,0.0,0.0
2017-05-29 00:00:00+05:30,378.509128432679,380.7246378386203,372.7029489686594,376.3127136230469,6308434,0.0,0.0
2017-05-30 00:00:00+05:30,375.1094062208192,381.9851387177385,373.8297653319238,380.5335998535156,3716910,0.0,0.0
2017-05-31 00:00:00+05:30,379.5212905114986,379.5212905114986,372.3781644961097,373.2185363769531,7763900,0.0,0.0
2017-06-01 00:00:00+05:30,375.9334767519401,379.96702403917953,371.76419487225587,376.7479553222656,5508606,7.375,0.0
2017-06-02 00:00:00+05:30,377.5236727944431,378.31874049669756,373.95553810054594,375.99169921875,3917966,0.0,0.0
2017-06-05 00:00:00+05:30,376.2049065581201,376.98058677782757,371.18237240113797,371.8417053222656,5462698,0.0,0.0
2017-06-06 00:00:00+05:30,374.2658313738223,382.99223676854876,374.0331366987188,379.8313293457031,7008686,0.0,0.0
2017-06-07 00:00:00+05:30,382.0225662461296,383.5351523731171,366.50895949501773,372.83074951171875,12455046,0.0,0.0
2017-06-08 00:00:00+05:30,373.47072939387573,373.47072939387573,367.73069910570734,370.94976806640625,6195352,0.0,0.0
2017-06-09 00:00:00+05:30,364.007423040364,368.8166510956694,357.976512531124,367.90521240234375,14757662,0.0,0.0
2017-06-12 00:00:00+05:30,365.86906903967525,374.3433922112818,364.6085883006575,373.8197937011719,8591676,0.0,0.0
2017-06-13 00:00:00+05:30,369.8056195613281,373.47071407531166,369.06871373476906,371.47332763671875,4937794,0.0,0.0
2017-06-14 00:00:00+05:30,372.32655503077797,373.0634608063637,368.9135663440395,371.7835693359375,7438110,0.0,0.0
2017-06-15 00:00:00+05:30,372.1908158806315,375.40988444716487,368.29300336792517,369.2626037597656,5528062,0.0,0.0
2017-06-16 00:00:00+05:30,368.09906273844933,369.9413033800932,363.0183664376163,364.66668701171875,10948450,0.0,0.0
2017-06-19 00:00:00+05:30,364.5504403955039,364.6667877337876,359.91574476676936,360.63323974609375,6855860,0.0,0.0
2017-06-20 00:00:00+05:30,362.63056545963184,367.245873034236,362.2621125571406,365.94659423828125,5184396,0.0,0.0
2017-06-21 00:00:00+05:30,366.50896431033283,368.06032500582626,363.03779001978904,365.8690185546875,3735864,0.0,0.0
2017-06-22 00:00:00+05:30,367.55608734863785,375.70072988836506,362.6692876216721,364.6278991699219,9465242,0.0,0.0
2017-06-23 00:00:00+05:30,366.5089204183094,368.11846641588363,363.7940395263219,365.8302001953125,6403018,0.0,0.0
2017-06-27 00:00:00+05:30,366.5089462048549,367.67246666899734,358.26734291717963,359.5472106933594,6904660,0.0,0.0
2017-06-28 00:00:00+05:30,361.77729907211904,361.8548718390446,357.20078988613085,358.63580322265625,5905224,0.0,0.0
2017-06-29 00:00:00+05:30,360.7689514160156,367.65311482560395,359.37271252136145,360.7689514160156,15914040,0.0,0.0
2017-06-30 00:00:00+05:30,361.0016008709282,363.7940546387796,360.3034933469363,362.8438415527344,4216700,0.0,0.0
2017-07-03 00:00:00+05:30,364.99633574759497,370.3873230067075,362.4753749103765,369.1850280761719,5088924,0.0,0.0
2017-07-04 00:00:00+05:30,369.94136879784537,376.2049975558026,368.2154988290426,373.16046142578125,5167726,0.0,0.0
2017-07-05 00:00:00+05:30,371.9387680167317,371.9387680167317,366.6641505355104,368.7972717285156,4226228,0.0,0.0
2017-07-06 00:00:00+05:30,366.50895711864564,371.16303911380305,366.19868972001217,367.2846374511719,3829720,0.0,0.0
2017-07-07 00:00:00+05:30,366.0628744886327,366.6834328612078,361.87420607924696,362.78564453125,5776886,0.0,0.0
2017-07-10 00:00:00+05:30,365.81091728857723,372.2490557718992,364.569823792353,371.1824951171875,1464376,0.0,0.0
2017-07-11 00:00:00+05:30,371.02734478553026,383.76788616102965,371.02734478553026,378.2799377441406,11539708,0.0,0.0
2017-07-12 00:00:00+05:30,378.12482332528435,380.66517200571815,375.72020925169585,377.1164245605469,6275976,0.0,0.0
2017-07-13 00:00:00+05:30,379.0167512239359,381.4213646639541,373.91664425853975,378.9391784667969,5170392,0.0,0.0
2017-07-14 00:00:00+05:30,387.62686058805394,390.49686362772354,374.67298950990187,377.0000305175781,22478180,0.0,0.0
2017-07-17 00:00:00+05:30,378.14416497262397,384.7374478490697,377.7563248034213,381.65411376953125,7698250,0.0,0.0
2017-07-18 00:00:00+05:30,382.42981235986366,389.70181587947934,380.50999869630783,382.2552795410156,8260180,0.0,0.0
2017-07-19 00:00:00+05:30,380.64567433556005,383.4381278152912,375.8558348539407,380.0251159667969,5890278,0.0,0.0
2017-07-20 00:00:00+05:30,379.8119158479587,380.0252232307263,375.0220986862719,375.99169921875,6809740,0.0,0.0
2017-07-21 00:00:00+05:30,377.3685059769119,381.0723750678989,376.74797113984636,380.1221618652344,5980754,0.0,0.0
2017-07-24 00:00:00+05:30,381.4408714560959,385.51319392715743,381.0918057755349,384.1751403808594,6129176,0.0,0.0
2017-07-25 00:00:00+05:30,383.9617200215338,387.4522811126386,382.4879322952215,385.45489501953125,7145614,0.0,0.0
2017-07-26 00:00:00+05:30,387.1032491135764,387.4523147217191,384.11689885853417,385.5325012207031,6870024,0.0,0.0
2017-07-27 00:00:00+05:30,386.2888306448344,389.3915521761182,374.9638923212711,376.6122131347656,12676852,0.0,0.0
2017-07-28 00:00:00+05:30,378.53205962921027,389.00374570501833,373.2186438119225,386.81243896484375,11098428,0.0,0.0
2017-07-31 00:00:00+05:30,384.69864988531367,396.25628148969435,382.7012636667413,392.1839599609375,19158248,0.0,0.0
2017-08-01 00:00:00+05:30,392.10640942896816,394.4334504344813,387.20022184025714,389.99267578125,7689398,0.0,0.0
2017-08-02 00:00:00+05:30,390.16714256905937,392.78506325727125,382.8757533866381,385.2609558105469,4257584,0.0,0.0
2017-08-03 00:00:00+05:30,384.34961635310475,387.35537773225366,380.18033444009177,381.6347351074219,4640348,0.0,0.0
2017-08-04 00:00:00+05:30,383.18607089322586,383.5739110459518,378.55137633377404,381.5377502441406,5349018,0.0,0.0
2017-08-07 00:00:00+05:30,381.4408697142578,381.53782977264984,374.5373182911229,375.52630615234375,6073744,0.0,0.0
2017-08-08 00:00:00+05:30,375.6232602272913,376.30198062522396,370.40680443451697,373.8197937011719,6004648,0.0,0.0
2017-08-09 00:00:00+05:30,375.2935410060516,377.71754201065875,374.09122230463555,375.9528503417969,3922410,0.0,0.0
2017-08-10 00:00:00+05:30,376.16622986398306,382.99220810422474,375.95289881056664,380.5682067871094,9140684,0.0,0.0
2017-08-11 00:00:00+05:30,378.5319678810605,386.6766106325997,376.04978157374296,383.0697021484375,6544156,0.0,0.0
2017-08-14 00:00:00+05:30,383.18606969357177,383.65148260976264,378.9780135184234,380.6457214355469,3816470,0.0,0.0
2017-08-16 00:00:00+05:30,380.85904915964943,382.4491843971626,375.8171269202651,378.22174072265625,6178080,0.0,0.0
2017-08-17 00:00:00+05:30,389.77937839741054,399.18450270202464,387.08388442933983,395.9266357421875,25784260,0.0,0.0
2017-08-18 00:00:00+05:30,394.7825056569075,394.7825056569075,342.92827188199993,358.07342529296875,164404960,0.0,0.0
2017-08-21 00:00:00+05:30,358.3643600260689,358.3643600260689,337.4209883362337,338.7396545410156,90407176,0.0,0.0
2017-08-22 00:00:00+05:30,347.19451982562225,347.9120146608437,333.54254130749655,339.5152893066406,49242598,0.0,0.0
2017-08-23 00:00:00+05:30,341.29935290291286,350.49116975524345,338.93353731177194,346.2637023925781,61284190,0.0,0.0
2017-08-24 00:00:00+05:30,352.9345363088074,356.1342175445741,349.96754969416105,353.7684020996094,42380524,0.0,0.0
2017-08-28 00:00:00+05:30,366.1017137414535,369.9801152352517,363.7940601182668,364.95758056640625,40712108,0.0,0.0
2017-08-29 00:00:00+05:30,365.13215529289397,365.34546266516827,358.96548674093737,359.702392578125,13369392,0.0,0.0
2017-08-30 00:00:00+05:30,363.483860483143,364.18196814777065,358.4031393761379,359.39215087890625,16149664,0.0,0.0
2017-08-31 00:00:00+05:30,360.225947030806,360.2841325253621,354.059302498939,354.8543701171875,15022452,0.0,0.0
2017-09-01 00:00:00+05:30,355.2422791479592,359.10129434187667,352.93462494280135,356.79364013671875,8433922,0.0,0.0
2017-09-04 00:00:00+05:30,357.20079888116226,357.239573429659,346.5351941371536,349.13372802734375,10177108,0.0,0.0
2017-09-05 00:00:00+05:30,349.83183485114773,350.9953553661737,347.9895940356899,349.7930603027344,9783392,0.0,0.0
2017-09-06 00:00:00+05:30,349.0561767429879,349.1725240675248,345.1777747791769,347.34967041015625,7735910,0.0,0.0
2017-09-07 00:00:00+05:30,349.05624964567926,349.2501697843713,346.0892620549342,347.4079284667969,6241192,0.0,0.0
2017-09-08 00:00:00+05:30,348.6683269982526,348.6683269982526,342.1138183901538,342.9670715332031,8604542,0.0,0.0
2017-09-11 00:00:00+05:30,345.3329317148849,345.8758938045921,338.83660821126557,340.7951965332031,13787642,0.0,0.0
2017-09-12 00:00:00+05:30,342.28829596759164,344.30506934244204,340.83389550571144,342.87005615234375,17241354,0.0,0.0
2017-09-13 00:00:00+05:30,343.43244338838184,344.2468982122491,341.6871627613375,342.75372314453125,11478228,0.0,0.0
2017-09-14 00:00:00+05:30,343.0446951874013,347.73755266241875,341.9199490131129,346.108642578125,13698006,0.0,0.0
2017-09-15 00:00:00+05:30,346.06977350892333,354.19502967689573,346.0309989612879,352.2558288574219,13459460,0.0,0.0
2017-09-18 00:00:00+05:30,352.93457589662466,355.9403373946454,351.4995624470632,352.58551025390625,8475860,0.0,0.0
2017-09-19 00:00:00+05:30,352.15889961826014,355.2616212007999,350.41361872808153,353.8072204589844,6033330,0.0,0.0
2017-09-20 00:00:00+05:30,355.64939726864503,355.64939726864503,351.9455287817396,353.981689453125,5767830,0.0,0.0
2017-09-21 00:00:00+05:30,354.87371265341915,354.97067268419875,352.2170172788105,352.7599792480469,8204152,0.0,0.0
2017-09-22 00:00:00+05:30,352.2170599469965,353.03151483545685,344.4020710506846,348.3968200683594,17604088,0.0,0.0
2017-09-25 00:00:00+05:30,349.4440533889084,349.8125063482801,344.8287451018085,347.25274658203125,9088700,0.0,0.0
2017-09-26 00:00:00+05:30,347.8926041683931,352.3139912152064,346.8454310602654,351.3443908691406,7366478,0.0,0.0
2017-09-27 00:00:00+05:30,351.4220264342699,352.12015779273423,347.1557838617798,348.9786376953125,6000138,0.0,0.0
2017-09-28 00:00:00+05:30,347.5436268498597,350.56879963547436,346.8455191577523,347.5048522949219,17537266,0.0,0.0
2017-09-29 00:00:00+05:30,348.28051964594044,349.98702609291655,347.1169989789718,349.0174255371094,5705832,0.0,0.0
2017-10-03 00:00:00+05:30,352.97333179589583,353.7102375929687,349.6766903271017,350.4329833984375,4947522,0.0,0.0
2017-10-04 00:00:00+05:30,350.21969763171916,351.15052357258486,347.9508419497037,348.9010314941406,4991492,0.0,0.0
2017-10-05 00:00:00+05:30,349.0561972903918,350.97601110986665,348.6683570711803,350.2391052246094,8611300,0.0,0.0
2017-10-06 00:00:00+05:30,350.6074963626988,357.58861907788526,350.5881090895334,356.8711242675781,8574308,0.0,0.0
2017-10-09 00:00:00+05:30,356.8129449227591,360.3035063404817,354.48590397761063,358.3255310058594,3504832,0.0,0.0
2017-10-10 00:00:00+05:30,364.55036495728103,364.55036495728103,360.51681780426924,362.8050842285156,7143220,0.0,0.0
2017-10-11 00:00:00+05:30,362.80510096164124,363.79408868584494,359.9156868874884,360.9628601074219,5982504,0.0,0.0
2017-10-12 00:00:00+05:30,360.6913687810273,362.3784641017325,356.63843415013207,359.6441955566406,10280972,0.0,0.0
2017-10-13 00:00:00+05:30,361.77730625120324,362.0487991048877,359.741145356398,360.7301330566406,7180728,0.0,0.0
2017-10-16 00:00:00+05:30,362.9990075131991,365.34543577931555,361.85487429097816,364.1819152832031,5758750,0.0,0.0
2017-10-17 00:00:00+05:30,363.32867280269124,363.32867280269124,360.49744424712327,360.8852844238281,5625102,0.0,0.0
2017-10-18 00:00:00+05:30,360.26469145666266,360.69130611342035,357.95703804338854,358.5,7231852,0.0,0.0
2017-10-19 00:00:00+05:30,360.69139178130143,361.46707219373434,358.82976352583995,359.50848388671875,1091434,0.0,0.0
2017-10-23 00:00:00+05:30,360.6913123097808,365.3453937589393,359.9544066115778,364.37579345703125,9154096,0.0,0.0
2017-10-24 00:00:00+05:30,366.89680677764943,367.14891236099726,357.4334970072306,359.33392333984375,14529328,0.0,0.0
2017-10-25 00:00:00+05:30,356.4251574740333,366.39265573080775,354.9707566682361,362.7469482421875,13984134,0.0,0.0
2017-10-26 00:00:00+05:30,365.3454441750097,369.14627314861036,364.60853837511684,367.4203796386719,33659258,0.0,0.0
2017-10-27 00:00:00+05:30,370.3873586439676,371.4345318268668,366.1211168166549,367.03253173828125,8524956,0.0,0.0
2017-10-30 00:00:00+05:30,370.25170674846686,370.25170674846686,364.97706510804767,366.15997314453125,12968326,0.0,0.0
2017-10-31 00:00:00+05:30,363.7610718709923,365.7273479351598,361.79479580682477,362.5223083496094,9954988,6.5,0.0
2017-11-01 00:00:00+05:30,363.76103141086907,365.4913637558338,363.09249282293314,364.56719970703125,5633134,0.0,0.0
2017-11-02 00:00:00+05:30,362.9941545340121,364.1542620050243,361.79473114970017,362.9351806640625,4686138,0.0,0.0
2017-11-03 00:00:00+05:30,360.61505052550234,365.6880526583893,360.59539256422966,364.40997314453125,3699086,0.0,0.0
2017-11-06 00:00:00+05:30,363.0335334952638,367.69359783478,362.83690590283874,365.2160949707031,5066534,0.0,0.0
2017-11-07 00:00:00+05:30,364.25262606873804,377.52498896193094,364.09531438904696,375.7553405761719,13442820,0.0,0.0
2017-11-08 00:00:00+05:30,377.6233321004099,378.25253086327484,372.60932795119857,374.4969482421875,5369994,0.0,0.0
2017-11-09 00:00:00+05:30,374.77214732102664,378.7046987094949,372.90418541150416,375.3620300292969,4723232,0.0,0.0
2017-11-10 00:00:00+05:30,377.0530973024158,379.23565895653763,373.59245619289715,378.3311767578125,6589428,0.0,0.0
2017-11-13 00:00:00+05:30,378.33115127089263,381.2215913228913,373.336805550393,374.3592834472656,5021216,0.0,0.0
2017-11-14 00:00:00+05:30,374.3593477953653,375.49977364255955,370.93802224899025,373.2385559082031,5733710,0.0,0.0
2017-11-15 00:00:00+05:30,371.6851299969396,374.96880103430163,371.4295045379107,374.3002624511719,7023516,0.0,0.0
2017-11-16 00:00:00+05:30,374.3002667577943,391.64283419108403,373.00252949466426,388.69342041015625,15687502,0.0,0.0
2017-11-17 00:00:00+05:30,387.5530046746788,387.5530046746788,379.55027085084674,381.8311462402344,8057670,0.0,0.0
2017-11-20 00:00:00+05:30,381.06425237794383,381.8507627027693,376.44350421959416,377.7412414550781,5661190,0.0,0.0
2017-11-21 00:00:00+05:30,378.03626137975925,382.0474696703438,377.5446923245992,379.9828796386719,5364656,0.0,0.0
2017-11-22 00:00:00+05:30,380.1205047303028,381.8704953457767,378.82276724101024,380.0025329589844,6084920,0.0,0.0
2017-11-23 00:00:00+05:30,382.0473890345454,391.0725997828802,381.0642511317288,389.8141784667969,11894618,0.0,0.0
2017-11-24 00:00:00+05:30,389.6766077586758,400.84504162414754,389.401324303731,397.01080322265625,18619912,0.0,0.0
2017-11-27 00:00:00+05:30,395.8900250803451,395.8900250803451,390.62039566042466,392.7636413574219,6017730,0.0,0.0
2017-11-28 00:00:00+05:30,391.0530144093281,393.21591819698506,385.9013564409267,387.2384338378906,4616868,0.0,0.0
2017-11-29 00:00:00+05:30,388.3985530814725,390.08954583778603,385.5081126236572,386.4519348144531,3838070,0.0,0.0
2017-11-30 00:00:00+05:30,389.10635550520595,389.10635550520595,380.80865653166524,383.85638427734375,17266944,0.0,0.0
2017-12-01 00:00:00+05:30,385.15420370230635,386.64856886056225,376.3649344119929,377.0531311035156,4085000,0.0,0.0
2017-12-04 00:00:00+05:30,385.3900520404703,391.99673384640045,380.8872757136012,387.49395751953125,17811606,0.0,0.0
2017-12-05 00:00:00+05:30,387.49399371726986,394.4349574548956,384.9968328497934,387.1007385253906,9976738,0.0,0.0
2017-12-06 00:00:00+05:30,387.3563954249826,390.93500836043853,386.96314020120093,389.4406433105469,7490094,0.0,0.0
2017-12-07 00:00:00+05:30,388.9293626416856,394.3956190987788,387.59228546440806,393.176513671875,7549544,0.0,0.0
2017-12-08 00:00:00+05:30,393.6484697194095,396.0080010064389,391.28893843238006,393.98272705078125,5983244,0.0,0.0
2017-12-11 00:00:00+05:30,391.26926531003977,395.96866974174526,390.8760101107739,395.3394470214844,5139098,0.0,0.0
2017-12-12 00:00:00+05:30,394.0417603082671,398.76082330597086,394.0417603082671,397.3844299316406,9320434,0.0,0.0
2017-12-13 00:00:00+05:30,397.5417652730479,400.7271233849627,392.33113290322376,394.72998046875,5362398,0.0,0.0
2017-12-14 00:00:00+05:30,395.319786143495,399.1540243080303,392.9799129246591,398.4068298339844,6023572,0.0,0.0
2017-12-15 00:00:00+05:30,398.3675364399983,403.6371659701719,397.9152833376528,402.2607727050781,10384134,0.0,0.0
2017-12-18 00:00:00+05:30,397.9349533724832,405.3281224576487,395.5360822095035,399.7832336425781,4035448,0.0,0.0
2017-12-19 00:00:00+05:30,400.1174775097478,400.31410509474426,393.07820036591875,394.80853271484375,7118898,0.0,0.0
2017-12-20 00:00:00+05:30,395.2607878930597,400.56973303898474,393.6484511904394,399.48828125,4186326,0.0,0.0
2017-12-21 00:00:00+05:30,399.0753828777232,404.639929705738,392.6260118259442,401.9264831542969,11059162,0.0,0.0
2017-12-22 00:00:00+05:30,399.5472678787765,410.8730364063874,399.5472678787765,408.7297668457031,12906940,0.0,0.0
2017-12-26 00:00:00+05:30,405.0528464508433,409.5752811442265,402.3000601157405,407.25506591796875,10808906,0.0,0.0
2017-12-27 00:00:00+05:30,404.26639784641645,408.63152152959753,404.03045429688075,406.7242431640625,6970172,0.0,0.0
2017-12-28 00:00:00+05:30,405.0528532259406,408.985405199008,402.6146662021604,406.3309326171875,8433472,0.0,0.0
2017-12-29 00:00:00+05:30,405.0922274075536,412.4461294577436,405.05291148312523,409.7916564941406,6601768,0.0,0.0
2018-01-01 00:00:00+05:30,408.08085353966055,410.755007785075,405.05280805995903,406.4488830566406,5431340,0.0,0.0
2018-01-02 00:00:00+05:30,407.90394082067246,409.7719029502441,402.3000544319575,404.9348449707031,6112248,0.0,0.0
2018-01-03 00:00:00+05:30,404.46297300080283,405.6820545192454,400.5697369217632,401.63153076171875,6846552,0.0,0.0
2018-01-04 00:00:00+05:30,401.513529168781,401.513529168781,397.030410623139,399.3113098144531,8947614,0.0,0.0
2018-01-05 00:00:00+05:30,399.27198046085834,403.6371273713061,395.61471207810956,397.9742431640625,11025976,0.0,0.0
2018-01-08 00:00:00+05:30,403.0472326148822,408.5921209010333,401.1399306423506,407.4320373535156,5594690,0.0,0.0
2018-01-09 00:00:00+05:30,408.9854114631804,410.9123715604544,404.62028830717475,409.51629638671875,9948236,0.0,0.0
2018-01-10 00:00:00+05:30,411.6595737140092,415.2775024501069,406.2523145675234,413.80279541015625,9468634,0.0,0.0
2018-01-11 00:00:00+05:30,414.9825811881578,426.05272550643053,414.9825811881578,423.0639953613281,16775298,0.0,0.0
2018-01-12 00:00:00+05:30,426.9965434152921,427.0358593369181,420.999401221284,424.1060791015625,18016528,0.0,0.0
2018-01-15 00:00:00+05:30,424.7155936225588,429.8082289923236,418.85608185032805,425.1678466796875,10649250,0.0,0.0
2018-01-16 00:00:00+05:30,425.2072121109386,446.2660486155505,425.2072121109386,441.5666198730469,22646966,0.0,0.0
2018-01-17 00:00:00+05:30,442.3531608327129,456.8839712042629,441.62564821710697,453.0693664550781,26154088,0.0,0.0
2018-01-18 00:00:00+05:30,450.2771607515813,458.1029480808836,445.2041595578781,453.3052062988281,13204970,0.0,0.0
2018-01-19 00:00:00+05:30,450.27725892807007,451.4177087481474,446.737961696321,449.6676940917969,5988278,0.0,0.0
2018-01-22 00:00:00+05:30,445.22384364238576,454.9765429093203,445.16484576681387,452.2434387207031,9650214,0.0,0.0
2018-01-23 00:00:00+05:30,454.20988508216954,467.18731037023156,454.20988508216954,462.90081787109375,15403796,0.0,0.0
2018-01-24 00:00:00+05:30,461.99624464759285,480.18429829660766,459.125462383239,466.3220520019531,20604718,0.0,0.0
2018-01-25 00:00:00+05:30,464.8276831763455,465.3782501008624,457.0608923618507,462.2322082519531,13548914,0.0,0.0
2018-01-29 00:00:00+05:30,458.7518667549918,470.4315268401436,458.22093383811574,465.18157958984375,10823002,0.0,0.0
2018-01-30 00:00:00+05:30,463.60855208781675,465.26020468032584,457.23778922074496,460.36419677734375,8628312,0.0,0.0
2018-01-31 00:00:00+05:30,455.8417470260428,458.77147888638837,449.15640903162756,452.3417663574219,9213698,0.0,0.0
2018-02-01 00:00:00+05:30,449.17605100632835,455.3501861848499,439.87560432836096,450.119873046875,13005454,0.0,0.0
2018-02-02 00:00:00+05:30,446.4430083928212,457.3165253111643,444.41773431864317,449.58905029296875,10244486,0.0,0.0
2018-02-05 00:00:00+05:30,448.31090587072214,454.1507357015026,446.6788872703239,447.60302734375,9860220,0.0,0.0
2018-02-06 00:00:00+05:30,432.5611296276615,443.7295892734045,430.6735330708569,435.6285400390625,10552078,0.0,0.0
2018-02-07 00:00:00+05:30,438.87278326904294,442.33344807379444,433.9767754533042,436.1396789550781,8342056,0.0,0.0
2018-02-08 00:00:00+05:30,441.54693006158055,450.82774259839414,439.08908521577285,446.0496826171875,8807244,0.0,0.0
2018-02-09 00:00:00+05:30,439.6593150437528,440.5638212086371,434.94025262825636,436.17901611328125,4382690,0.0,0.0
2018-02-12 00:00:00+05:30,438.40091665333665,440.68176801302224,431.7155782458428,433.6818542480469,6291972,0.0,0.0
2018-02-14 00:00:00+05:30,434.9402784548651,439.38408169524325,428.7268267035946,431.6959228515625,8345712,0.0,0.0
2018-02-15 00:00:00+05:30,433.7604615231773,444.2603555784437,433.7604615231773,438.2632141113281,7986736,0.0,0.0
2018-02-16 00:00:00+05:30,442.41206376678855,448.95977191149325,439.69859350806263,443.61151123046875,9889222,0.0,0.0
2018-02-19 00:00:00+05:30,443.7491331323372,446.73786275403137,440.56377593020557,445.0665283203125,6461840,0.0,0.0
2018-02-20 00:00:00+05:30,434.0555161460931,452.04694524116337,434.0555161460931,447.111572265625,7188594,0.0,0.0
2018-02-21 00:00:00+05:30,451.2603547385122,452.99068726831433,448.31094065525394,451.2210388183594,13771358,0.0,0.0
2018-02-22 00:00:00+05:30,450.4934576518149,457.7489959894263,448.48781797690384,456.4709167480469,17859974,0.0,0.0
2018-02-23 00:00:00+05:30,457.5524368641456,458.5355748892082,450.96541209622603,454.46539306640625,9459828,0.0,0.0
2018-02-26 00:00:00+05:30,452.63671936939414,454.2294220756047,446.089010917438,447.7603454589844,5083608,0.0,0.0
2018-02-27 00:00:00+05:30,450.2575232316365,453.678872283577,442.66772665438845,452.3221130371094,6616026,0.0,0.0
2018-02-28 00:00:00+05:30,451.29960264934056,467.77700311234537,449.3136929354218,461.1309814453125,17268416,0.0,0.0
2018-03-01 00:00:00+05:30,459.951215235155,459.951215235155,454.62263673934837,456.4709167480469,6579852,0.0,0.0
2018-03-05 00:00:00+05:30,456.4709376375852,460.4231712898598,449.58897217675576,454.56365966796875,8101456,0.0,0.0
2018-03-06 00:00:00+05:30,457.1788399545351,458.2996076441421,449.7266253073895,452.77435302734375,6689734,0.0,0.0
2018-03-07 00:00:00+05:30,454.2097394154602,456.17601534366565,447.54408322075705,449.9232482910156,6370416,0.0,0.0
2018-03-08 00:00:00+05:30,451.85029128963725,458.4569988237264,451.85029128963725,454.85870361328125,6093014,0.0,0.0
2018-03-09 00:00:00+05:30,457.1002158747296,458.53560709308874,454.42610906162315,457.5131530761719,4220964,0.0,0.0
2018-03-12 00:00:00+05:30,462.4681903759488,468.7012767082034,460.796855504267,466.30242919921875,7676970,0.0,0.0
2018-03-13 00:00:00+05:30,464.1197349199452,470.7264410132723,462.13382510366887,465.5354919433594,8581052,0.0,0.0
2018-03-14 00:00:00+05:30,464.04118105090043,468.20967697463703,459.75468935379433,464.3558044433594,4429710,0.0,0.0
2018-03-15 00:00:00+05:30,464.0410930480312,467.34444602322753,460.895051739231,465.02423095703125,6101500,0.0,0.0
2018-03-16 00:00:00+05:30,464.8276110249729,464.98492269395797,459.81360760655633,460.8557434082031,17954826,0.0,0.0
2018-03-19 00:00:00+05:30,457.7491380829995,464.237850091908,449.35314759970396,450.9654846191406,7526620,0.0,0.0
2018-03-20 00:00:00+05:30,451.692883203798,460.10855352739213,451.692883203798,457.96533203125,8553766,0.0,0.0
2018-03-21 00:00:00+05:30,460.108504040083,462.27140726420305,457.0410948112384,459.1253662109375,7692994,0.0,0.0
2018-03-22 00:00:00+05:30,457.9456532227802,463.03828855863884,454.32772479940365,456.687255859375,6813168,0.0,0.0
2018-03-23 00:00:00+05:30,451.0638067788753,461.60306749925354,449.23516012340735,459.16485595703125,12008084,0.0,0.0
2018-03-26 00:00:00+05:30,458.88950768407545,458.88950768407545,449.88395390100897,454.3080749511719,8930722,0.0,0.0
2018-03-27 00:00:00+05:30,456.1759983109023,456.6872492350599,452.28276251746496,453.81646728515625,3802088,0.0,0.0
2018-03-28 00:00:00+05:30,452.5383782863154,452.5383782863154,442.90362680422567,445.0862121582031,12558322,0.0,0.0
2018-04-02 00:00:00+05:30,448.7042697932582,452.06662160405625,440.9571600600952,447.19024658203125,8072702,0.0,0.0
2018-04-03 00:00:00+05:30,446.2266367028992,449.7069834743626,443.63116209748256,448.48785400390625,4077168,0.0,0.0
2018-04-04 00:00:00+05:30,449.8839762999859,450.10028587512227,440.4458509230631,442.0975036621094,4813302,0.0,0.0
2018-04-05 00:00:00+05:30,448.1340482693404,452.75479754891757,444.02450202207507,451.28009033203125,7763544,0.0,0.0
2018-04-06 00:00:00+05:30,449.49069157002134,450.67045716469335,441.27164832618297,443.1986083984375,5937742,0.0,0.0
2018-04-09 00:00:00+05:30,442.412142329865,442.72676572188215,435.15660239757113,437.0048828125,7202882,0.0,0.0
2018-04-10 00:00:00+05:30,437.29983588373744,442.2155264849485,434.70436084725617,437.85040283203125,8926058,0.0,0.0
2018-04-11 00:00:00+05:30,439.6593119914144,444.9682571719905,439.0694291935726,442.1171569824219,9025574,0.0,0.0
2018-04-12 00:00:00+05:30,444.16206683550354,461.1900362126535,442.41210039585184,457.198486328125,17044366,0.0,0.0
2018-04-13 00:00:00+05:30,461.6816224905742,466.3613691508483,452.3418111326942,460.6788024902344,21227038,0.0,0.0
2018-04-16 00:00:00+05:30,433.3672365723189,448.3109343851575,433.3672365723189,445.63677978515625,24745084,0.0,0.0
2018-04-17 00:00:00+05:30,443.1986317698742,443.3559434584164,438.4795691423334,442.4907531738281,10397940,0.0,0.0
2018-04-18 00:00:00+05:30,441.56650222412924,446.24624775661437,438.0272061414595,442.78558349609375,10430380,0.0,0.0
2018-04-19 00:00:00+05:30,442.0188465747955,448.23229796165776,441.6649072924173,445.4991455078125,8525542,0.0,0.0
2018-04-20 00:00:00+05:30,447.9176513762057,469.42869058542374,447.1114590528516,463.4315490722656,24272692,0.0,0.0
2018-04-23 00:00:00+05:30,459.32201506366425,477.569063619204,454.30801190265254,467.0691223144531,21830638,0.0,0.0
2018-04-24 00:00:00+05:30,466.0074060042734,470.49052482754985,452.28279009989944,454.01312255859375,8526216,0.0,0.0
2018-04-25 00:00:00+05:30,453.02995806571437,460.5018063324232,450.3558036946638,456.3136291503906,11594178,0.0,0.0
2018-04-26 00:00:00+05:30,461.68159403321073,464.6900058440092,456.1760213616052,462.6450500488281,11302084,0.0,0.0
2018-04-27 00:00:00+05:30,464.0411820468881,468.60293321859444,461.76028245863995,466.0860900878906,7663370,0.0,0.0
2018-04-30 00:00:00+05:30,464.70969335633595,475.03264330526895,464.2968041612524,471.70965576171875,5511678,0.0,0.0
2018-05-02 00:00:00+05:30,471.4736673017624,472.53543713629193,464.4343896443833,470.74615478515625,10295042,0.0,0.0
2018-05-03 00:00:00+05:30,470.8248083151397,473.75454047839315,462.5074508788386,465.0439758300781,5332230,0.0,0.0
2018-05-04 00:00:00+05:30,466.00741373470544,466.4006689361693,454.2097576907888,461.3276672363281,6023368,0.0,0.0
2018-05-07 00:00:00+05:30,464.5327810705061,467.9737646339913,462.2715633002158,465.2209777832031,4638960,0.0,0.0
2018-05-08 00:00:00+05:30,463.215365803173,463.215365803173,456.5890244812962,458.3586730957031,5718556,0.0,0.0
2018-05-09 00:00:00+05:30,459.1254830755297,462.82209185499715,457.35583453262615,460.3838806152344,3783504,0.0,0.0
2018-05-10 00:00:00+05:30,462.46815490722656,465.2209415435791,457.2968389822636,459.3221130371094,3182862,0.0,0.0
2018-05-11 00:00:00+05:30,461.0131633573674,465.2996073141016,458.55531796713313,464.3361511230469,3311706,0.0,0.0
2018-05-14 00:00:00+05:30,465.7518440448209,468.5636286730661,460.10864082877663,467.698486328125,4432094,0.0,0.0
2018-05-15 00:00:00+05:30,467.2264453891244,475.05223266393165,467.2264453891244,469.7629699707031,5611974,0.0,0.0
2018-05-16 00:00:00+05:30,466.8922401626681,471.11973359854824,465.81078835348944,467.9540100097656,6205004,0.0,0.0
2018-05-17 00:00:00+05:30,470.33321304143095,470.90341387205063,461.50465311894664,465.18157958984375,9519598,0.0,0.0
2018-05-18 00:00:00+05:30,465.2208066545243,466.6168815315178,461.2882554571065,465.2994384765625,7139660,0.0,0.0
2018-05-21 00:00:00+05:30,463.8641949015598,467.344493854663,460.10858850289117,463.8445129394531,8475320,0.0,0.0
2018-05-22 00:00:00+05:30,462.0748506470182,471.11972006393853,461.642279536731,469.4877014160156,5636804,0.0,0.0
2018-05-23 00:00:00+05:30,469.9399156057243,474.9146029743895,464.6309709524379,465.9680480957031,9538442,0.0,0.0
2018-05-24 00:00:00+05:30,471.1196820933149,482.7403912834219,471.1196820933149,480.16455078125,9740570,0.0,0.0
2018-05-25 00:00:00+05:30,483.7432004133402,491.0381034017469,480.08595594319786,483.0353698730469,8901438,0.0,0.0
2018-05-28 00:00:00+05:30,484.09714900388155,484.7263477200701,474.26576904848184,477.5691223144531,5739794,0.0,0.0
2018-05-29 00:00:00+05:30,477.4315143759385,482.34720457788677,474.3444225252853,478.4736022949219,3388934,0.0,0.0
2018-05-30 00:00:00+05:30,478.5915041043714,483.2122519870553,474.10838591936505,476.5072326660156,6323066,0.0,0.0
2018-05-31 00:00:00+05:30,476.50727575257395,488.42292674215776,475.9370749514464,484.4117431640625,19720340,0.0,0.0
2018-06-01 00:00:00+05:30,483.86126985689395,490.0943559768854,478.6702717469821,480.0860290527344,4998356,0.0,0.0
2018-06-04 00:00:00+05:30,480.20386307815437,488.8161606257753,476.62525074693457,487.40045166015625,4270156,0.0,0.0
2018-06-05 00:00:00+05:30,488.42297876565453,488.42297876565453,478.59159835571785,480.1056213378906,4710862,0.0,0.0
2018-06-06 00:00:00+05:30,481.8162299756202,488.24599060769725,479.7910041913432,486.63360595703125,4038184,0.0,0.0
2018-06-07 00:00:00+05:30,486.850042592302,494.71514828846193,486.850042592302,492.5325622558594,6676226,0.0,0.0
2018-06-08 00:00:00+05:30,490.7825864896782,496.28816037658163,490.0157579002059,495.5213317871094,6459878,0.0,0.0
2018-06-11 00:00:00+05:30,497.68413701475134,499.43410345091337,493.55495741929104,496.44537353515625,5171290,0.0,0.0
2018-06-12 00:00:00+05:30,497.76272101661823,499.92562440638034,491.7458978395496,494.91162109375,7839820,0.0,0.0
2018-06-13 00:00:00+05:30,498.1755839302933,504.939552503351,498.1755839302933,501.3216247558594,5766928,0.0,0.0
2018-06-14 00:00:00+05:30,504.826993831594,504.826993831594,497.2122751497944,499.4684753417969,7598848,15.25,0.0
2018-06-15 00:00:00+05:30,498.3806530106707,520.33841015625,497.5748637576219,516.208740234375,19957760,0.0,0.0
2018-06-18 00:00:00+05:30,517.3166412730757,520.2376269811986,508.5939637704566,510.62860107421875,8214846,0.0,0.0
2018-06-19 00:00:00+05:30,508.85587136978205,509.01703904340593,498.8036709389048,500.2339172363281,7545700,0.0,0.0
2018-06-20 00:00:00+05:30,503.01375197186536,504.56488586412206,498.78335998491735,500.8582763671875,5371802,0.0,0.0
2018-06-21 00:00:00+05:30,501.9864953848886,506.23705298745426,497.9777138818094,502.228271484375,5798790,0.0,0.0
2018-06-22 00:00:00+05:30,500.79792439867515,505.83410626109145,500.07269453790184,502.751953125,4343118,0.0,0.0
2018-06-25 00:00:00+05:30,506.49882960737546,515.2215053531002,505.22970209834887,512.6630859375,7731178,0.0,0.0
2018-06-26 00:00:00+05:30,511.27325972782,517.2763992488616,510.16529955110485,514.8388671875,4483504,0.0,0.0
2018-06-27 00:00:00+05:30,517.2964458127543,521.1239440970417,509.90334054202896,511.67608642578125,6952142,0.0,0.0
2018-06-28 00:00:00+05:30,514.2144072058924,522.957200515732,514.1942428029298,519.5728759765625,10996818,0.0,0.0
2018-06-29 00:00:00+05:30,522.9773113882401,529.806354613524,517.0144521352127,526.6637573242188,9966600,0.0,0.0
2018-07-02 00:00:00+05:30,529.4034494856438,539.8787079990583,529.4034494856438,537.7433471679688,4830144,0.0,0.0
2018-07-03 00:00:00+05:30,536.6152816461889,547.0905403495881,536.5548376250686,545.4185180664062,8127452,0.0,0.0
2018-07-04 00:00:00+05:30,544.7335606813866,544.9752875594211,539.4153234573251,541.9736938476562,5025722,0.0,0.0
2018-07-05 00:00:00+05:30,542.7392890275778,542.7997330520012,510.91061661257834,517.316650390625,17019902,0.0,0.0
2018-07-06 00:00:00+05:30,519.83466453025,524.5082312167642,511.2731558139022,517.4172973632812,11215356,0.0,0.0
2018-07-09 00:00:00+05:30,522.5542764365148,524.9716439450877,515.3223383126212,523.2996215820312,6644998,0.0,0.0
2018-07-10 00:00:00+05:30,527.1875681040991,529.9876658165508,521.4664846302759,524.3270263671875,5974488,0.0,0.0
2018-07-11 00:00:00+05:30,530.8335985732976,540.7246277430446,520.277734547939,532.001953125,11899832,0.0,0.0
2018-07-12 00:00:00+05:30,534.2784747508383,534.6813693173017,517.497906221344,521.486572265625,13272240,0.0,0.0
2018-07-13 00:00:00+05:30,529.8066023229311,536.4946454132955,523.0983948222404,530.7735595703125,19496158,0.0,0.0
2018-07-16 00:00:00+05:30,530.7732847762649,557.7672193602774,518.8072872502948,536.9979858398438,35344680,0.0,0.0
2018-07-17 00:00:00+05:30,535.7288427624767,543.7061742168274,528.8796356771221,535.003662109375,11161690,0.0,0.0
2018-07-18 00:00:00+05:30,539.7981983693784,541.248609075933,529.4034981397097,532.8482666015625,6919016,0.0,0.0
2018-07-19 00:00:00+05:30,533.0295274904356,536.6152990762868,527.4292830115745,530.4912719726562,5118864,0.0,0.0
2018-07-20 00:00:00+05:30,534.2382509019901,550.817373879021,532.3446659145186,543.1422119140625,11705738,0.0,0.0
2018-07-23 00:00:00+05:30,544.7739007537107,551.1597698295508,538.3678672768547,546.3048706054688,7675702,0.0,0.0
2018-07-24 00:00:00+05:30,553.7382924028019,556.961448878742,546.3250226718467,554.8462524414062,6172246,0.0,0.0
2018-07-25 00:00:00+05:30,555.591743503698,561.5546042233194,550.1325011157516,557.5054931640625,6936922,0.0,0.0
2018-07-26 00:00:00+05:30,555.4103855244041,560.1846768272372,551.6432815673419,553.2750244140625,7362218,0.0,0.0
2018-07-27 00:00:00+05:30,553.2548671662855,559.6206217733734,551.280722892536,553.3555908203125,6493232,0.0,0.0
2018-07-30 00:00:00+05:30,551.9656053567091,553.1742891640596,543.1019241028058,544.3106079101562,6409970,0.0,0.0
2018-07-31 00:00:00+05:30,543.3234578034312,551.9655261126834,538.0858287235299,549.9913330078125,7943996,0.0,0.0
2018-08-01 00:00:00+05:30,549.4675894128154,551.3410096653082,544.3105196649446,545.5393676757812,4675706,0.0,0.0
2018-08-02 00:00:00+05:30,547.775437839763,550.656143800566,543.9681038932414,545.3782348632812,5940742,0.0,0.0
2018-08-03 00:00:00+05:30,550.4346309093004,550.4346309093004,546.3251253030617,549.5885620117188,3970390,0.0,0.0
2018-08-06 00:00:00+05:30,550.374249317109,553.9801367162355,542.9005339819108,548.1986083984375,6178930,0.0,0.0
2018-08-07 00:00:00+05:30,553.577119135168,555.9743220672798,548.1984866567196,551.1395874023438,7351528,0.0,0.0
2018-08-08 00:00:00+05:30,552.6907710649621,552.9727775813067,545.2372217860884,549.0445556640625,3992358,0.0,0.0
2018-08-09 00:00:00+05:30,553.4360373340689,559.8017408972761,553.4360373340689,555.9742431640625,6409524,0.0,0.0
2018-08-10 00:00:00+05:30,558.3312990227237,559.6205419377554,553.1943934001849,558.1902465820312,4779520,0.0,0.0
2018-08-13 00:00:00+05:30,560.0234249355314,568.0208719229582,555.4706968444052,567.5776977539062,9979746,0.0,0.0
2018-08-14 00:00:00+05:30,569.6727995179082,573.9435216194893,565.6640179238703,567.396484375,6151320,0.0,0.0
2018-08-16 00:00:00+05:30,570.075707177517,578.1134841337719,568.5850167972092,575.9580078125,6626774,0.0,0.0
2018-08-17 00:00:00+05:30,576.5018240784468,579.2213623034343,573.318947282539,576.2802124023438,6390408,0.0,0.0
2018-08-20 00:00:00+05:30,559.2177028893692,567.2554304593195,553.375731209329,557.7068481445312,16101876,0.0,0.0
2018-08-21 00:00:00+05:30,560.0234080935192,562.4407753226998,553.4763718478215,557.5858764648438,8361482,0.0,0.0
2018-08-23 00:00:00+05:30,561.232197708478,564.6568019299583,558.1500440728514,563.0049438476562,7717182,0.0,0.0
2018-08-24 00:00:00+05:30,562.6422313492282,564.8178717256466,554.4231728057932,555.3095703125,7053000,0.0,0.0
2018-08-27 00:00:00+05:30,557.2032839794059,572.090221170908,556.5586623953341,570.257080078125,7012950,0.0,0.0
2018-08-28 00:00:00+05:30,570.9821360924632,579.5235300539373,568.6856568320393,574.0038452148438,6496890,0.0,0.0
2018-08-29 00:00:00+05:30,577.5897278428147,577.5897278428147,566.1273953690795,568.1217041015625,5646496,0.0,0.0
2018-08-30 00:00:00+05:30,569.2094824407956,572.7348100166887,562.5012778458025,570.5792846679688,11507962,0.0,0.0
2018-08-31 00:00:00+05:30,574.16501530328,585.9295657117973,572.5534370978501,580.611328125,10875864,0.0,0.0
2018-09-03 00:00:00+05:30,583.7943193323629,591.4090376816883,576.1393213563001,577.8516235351562,10976328,0.0,0.0
2018-09-04 00:00:00+05:30,581.7798821375279,603.1332988641823,576.9451462748891,593.9876098632812,15370124,0.0,2.0
2018-09-05 00:00:00+05:30,597.8553811138323,599.5475189716453,584.519578031948,588.1456298828125,8658978,0.0,0.0
2018-09-06 00:00:00+05:30,590.280858561791,592.657946497565,583.4719301015618,585.9296264648438,5598659,0.0,0.0
2018-09-07 00:00:00+05:30,591.7312631942992,592.3759338818768,583.2301972026557,590.4822998046875,6510605,0.0,0.0
2018-09-10 00:00:00+05:30,594.4709758343031,601.9245258532354,587.7426557600708,588.9110107421875,5629871,0.0,0.0
2018-09-11 00:00:00+05:30,592.9802100194881,600.1114237815681,589.8376129011183,591.69091796875,6963561,0.0,0.0
2018-09-12 00:00:00+05:30,599.8294111597379,601.5215485560983,593.2622104814835,598.6207275390625,4636617,0.0,0.0
2018-09-14 00:00:00+05:30,597.8150005131052,600.3129272492063,587.460580245631,591.20751953125,7896514,0.0,0.0
2018-09-17 00:00:00+05:30,592.2549666994985,596.2839120511957,583.8747406953834,584.9625854492188,5427054,0.0,0.0
2018-09-18 00:00:00+05:30,588.2259911826222,588.2259911826222,577.7507338053974,579.44287109375,7729732,0.0,0.0
2018-09-19 00:00:00+05:30,585.8087071282617,585.8087071282617,574.68882678798,579.9667358398438,4849498,0.0,0.0
2018-09-21 00:00:00+05:30,575.2124844779886,578.0730749049446,557.6060136894251,568.322998046875,14350769,0.0,0.0
2018-09-24 00:00:00+05:30,569.2902142438082,588.1859856144533,569.2902142438082,578.7582397460938,8637881,0.0,0.0
2018-09-25 00:00:00+05:30,578.75802922846,593.0607859549552,577.7507928392702,585.1640625,9602273,0.0,0.0
2018-09-26 00:00:00+05:30,589.1930447966812,589.7167782428395,573.7218830577079,578.4357299804688,6599606,0.0,0.0
2018-09-27 00:00:00+05:30,581.7797499865896,588.8706844714627,578.1134192931888,584.0359497070312,14592616,0.0,0.0
2018-09-28 00:00:00+05:30,580.9740357502743,591.892469997775,576.3004680451656,588.2664184570312,7490031,0.0,0.0
2018-10-01 00:00:00+05:30,594.2695866318256,608.2903396025763,590.643534916784,601.642578125,8252398,0.0,0.0
2018-10-03 00:00:00+05:30,599.3460214793906,605.9132233988506,585.2447099063543,587.0174560546875,7792464,0.0,0.0
2018-10-04 00:00:00+05:30,587.0173001696332,588.0245364430883,566.0667856817671,569.85400390625,6173037,0.0,0.0
2018-10-05 00:00:00+05:30,574.5276220732648,589.4347202617015,571.5461925992848,583.874755859375,8543578,0.0,0.0
2018-10-08 00:00:00+05:30,584.237451836798,587.178602100527,571.5059922648652,575.6961059570312,7259306,0.0,0.0
2018-10-09 00:00:00+05:30,577.8313809530799,582.1021028018317,566.1877670573652,578.3551635742188,6777212,0.0,0.0
2018-10-10 00:00:00+05:30,580.0876483969016,580.0876483969016,560.3458135535266,564.4150390625,8866251,0.0,0.0
2018-10-11 00:00:00+05:30,551.9655265339553,558.3312800162022,534.4798934483389,542.5780639648438,10985897,0.0,0.0
2018-10-12 00:00:00+05:30,545.0358010750087,551.2000585675015,533.0295230598791,546.9696655273438,8909221,0.0,0.0
2018-10-15 00:00:00+05:30,554.8663900373487,568.0813517942266,549.145306734419,563.08544921875,6222176,0.0,0.0
2018-10-16 00:00:00+05:30,572.1102423532452,575.2528394134042,555.5110071068485,560.224853515625,11588963,0.0,0.0
2018-10-17 00:00:00+05:30,572.1103428439208,581.6186457478495,565.14024645922,568.3634033203125,20360697,0.0,0.0
2018-10-19 00:00:00+05:30,553.5771626630026,554.1412249212236,546.325060095365,550.7971801757812,10421001,0.0,0.0
2018-10-22 00:00:00+05:30,554.9469558030129,560.0636968490115,542.9406786962704,547.8963012695312,6672840,0.0,0.0
2018-10-23 00:00:00+05:30,544.6732243490736,549.5482392154977,526.4220791365574,529.886962890625,9041701,0.0,0.0
2018-10-24 00:00:00+05:30,534.238233801473,537.0584959708624,521.4664947926832,523.601806640625,7058164,0.0,0.0
2018-10-25 00:00:00+05:30,523.7647425186657,534.6391539111992,518.2664345684309,528.448486328125,8270469,7.0,0.0
2018-10-26 00:00:00+05:30,525.6382600547072,528.4077981779974,513.0940014021074,516.1078491210938,5464141,0.0,0.0
2018-10-29 00:00:00+05:30,516.189202503433,529.9145856379781,514.3971518094617,525.1901245117188,7137446,0.0,0.0
2018-10-30 00:00:00+05:30,522.217002768922,540.7076170085178,519.2438737585728,537.2864379882812,8793411,0.0,0.0
2018-10-31 00:00:00+05:30,540.7891289354051,564.4522062308288,540.0967196162607,559.1168212890625,11947995,0.0,0.0
2018-11-01 00:00:00+05:30,561.804859203421,561.804859203421,537.2864504218718,543.0698852539062,5860244,0.0,0.0
2018-11-02 00:00:00+05:30,542.458965434426,550.4824018304912,537.6937356798456,539.445068359375,6654067,0.0,0.0
2018-11-05 00:00:00+05:30,540.4632237523168,544.6174803404614,535.1685576567779,542.4996337890625,5799426,0.0,0.0
2018-11-06 00:00:00+05:30,544.0473387313722,549.8307234916523,538.1417494790544,542.8662109375,6975525,0.0,0.0
2018-11-07 00:00:00+05:30,548.2015660961499,551.867104056674,547.3870021049223,550.2379760742188,758956,0.0,0.0
2018-11-09 00:00:00+05:30,553.0889539971688,553.0889539971688,533.9467000664862,537.2049560546875,9694143,0.0,0.0
2018-11-12 00:00:00+05:30,542.4997138000743,550.9712006891774,539.4858165577751,541.0335083007812,7118080,0.0,0.0
2018-11-13 00:00:00+05:30,540.4634416657674,543.9253401240636,534.5985684518297,542.2554931640625,4137808,0.0,0.0
2018-11-14 00:00:00+05:30,542.2553549158445,542.2553549158445,521.7283287589671,532.0733032226562,7323026,0.0,0.0
2018-11-15 00:00:00+05:30,532.7248969683084,542.4996657200204,526.7785892544258,534.6798706054688,5513390,0.0,0.0
2018-11-16 00:00:00+05:30,537.5308410711052,539.6486877323691,524.7421754335104,530.1589965820312,8583785,0.0,0.0
2018-11-19 00:00:00+05:30,536.7976867704311,539.2413788194619,528.8556876110811,530.8513793945312,6018930,0.0,0.0
2018-11-20 00:00:00+05:30,530.8514879571472,534.3541040003244,521.402513604959,522.4614868164062,5384830,0.0,0.0
2018-11-21 00:00:00+05:30,521.3210094432462,521.3617277036998,498.59465180101137,504.2966003417969,14359086,0.0,0.0
2018-11-22 00:00:00+05:30,506.86247105316147,511.6684187490806,502.38236885823596,505.640625,6632975,0.0,0.0
2018-11-26 00:00:00+05:30,505.84434316715146,511.54629228497765,488.6162913028992,506.2109069824219,15075209,0.0,0.0
2018-11-27 00:00:00+05:30,509.509869467501,522.135613634961,509.3469466961239,520.425048828125,12285851,0.0,0.0
2018-11-28 00:00:00+05:30,522.0947768567122,544.6989266060597,521.3209311561197,542.825439453125,17719890,0.0,0.0
2018-11-29 00:00:00+05:30,546.5724511462523,549.7492706746045,536.6347602729121,538.467529296875,13399070,0.0,0.0
2018-11-30 00:00:00+05:30,538.4268985024097,547.3871040750671,538.3861802386713,543.6808471679688,10445773,0.0,0.0
2018-12-03 00:00:00+05:30,548.323787770569,553.0889673818134,542.4589169064698,546.04296875,8260890,0.0,0.0
2018-12-04 00:00:00+05:30,547.8351395239157,560.6238073316293,546.8169342799425,558.1801147460938,7827923,0.0,0.0
2018-12-05 00:00:00+05:30,556.3472890413145,556.8767756014527,547.7943658569312,555.0440063476562,5177288,0.0,0.0
2018-12-06 00:00:00+05:30,550.72667699096,558.3428798958871,541.3184731362043,544.5360107421875,8039771,0.0,0.0
2018-12-07 00:00:00+05:30,547.3870443313865,558.5873000747744,542.1738144985557,556.184326171875,5553948,0.0,0.0
2018-12-10 00:00:00+05:30,545.6764669749834,556.998877232122,541.8480060667824,545.1062622070312,5121196,0.0,0.0
2018-12-11 00:00:00+05:30,545.1063428679722,555.4513175874463,538.1010612996199,549.4235229492188,7120933,0.0,0.0
2018-12-12 00:00:00+05:30,551.5414139346968,554.4331566917497,546.2467465002856,552.6818237304688,6926183,0.0,0.0
2018-12-13 00:00:00+05:30,555.5327365373633,570.1948908741266,553.903608277723,568.3621215820312,7521474,0.0,0.0
2018-12-14 00:00:00+05:30,568.1176337251358,581.3542978393418,565.6332236348,575.1228637695312,9560576,0.0,0.0
2018-12-17 00:00:00+05:30,579.8474037950681,579.8474037950681,564.2892502010627,565.63330078125,4778465,0.0,0.0
2018-12-18 00:00:00+05:30,559.1982993598615,559.1982993598615,549.4642476431806,551.1340942382812,8021298,0.0,0.0
2018-12-19 00:00:00+05:30,547.0204550621521,547.0204550621521,538.5082511505982,541.5628662109375,8295459,0.0,0.0
2018-12-20 00:00:00+05:30,537.612313427817,547.0205189693942,534.6799025141207,543.35498046875,11705260,0.0,0.0
2018-12-21 00:00:00+05:30,537.2049683201853,537.2049683201853,524.1312258124353,526.3712768554688,12802132,0.0,0.0
2018-12-24 00:00:00+05:30,535.1686123934659,536.6348178264769,527.5116899853404,528.652099609375,8379825,0.0,0.0
2018-12-26 00:00:00+05:30,527.0230304540843,527.0230304540843,519.1624661408616,524.6200561523438,6178552,0.0,0.0
2018-12-27 00:00:00+05:30,531.7067623571801,540.2596861484484,528.6521467174414,535.0057373046875,15333902,0.0,0.0
2018-12-28 00:00:00+05:30,540.3411104309241,540.4633149405643,532.1547506453927,535.1279296875,4736598,0.0,0.0
2018-12-31 00:00:00+05:30,537.6124236620593,539.241552218611,534.1912437498892,536.7571411132812,3373319,0.0,0.0
2019-01-01 00:00:00+05:30,538.3860765865863,542.7439740256513,532.8470514242018,541.7257690429688,2943390,0.0,0.0
2019-01-02 00:00:00+05:30,542.4997201624016,549.0162333175056,539.2821818486591,544.984130859375,7416655,0.0,0.0
2019-01-03 00:00:00+05:30,547.3870394041824,551.4598596378444,540.1373995014463,545.0655517578125,6827249,0.0,0.0
2019-01-04 00:00:00+05:30,547.1833741542399,548.9347066639544,530.2811709332493,538.467529296875,7889310,0.0,0.0
2019-01-07 00:00:00+05:30,541.6851713650349,548.6904033184238,538.8341967789031,547.1427612304688,8046340,0.0,0.0
2019-01-08 00:00:00+05:30,549.7900288483215,551.8264390227971,544.576798914846,545.7986450195312,8621545,0.0,0.0
2019-01-09 00:00:00+05:30,558.9539344562528,561.8863455345247,540.8706002281077,550.726806640625,18130292,0.0,0.0
2019-01-10 00:00:00+05:30,555.2068827159974,555.532728249884,547.8350873945076,553.6592407226562,9572493,0.0,0.0
2019-01-11 00:00:00+05:30,554.0664652358487,558.3836446676972,547.7943122378211,556.7545166015625,12281903,0.0,0.0
2019-01-14 00:00:00+05:30,575.8968106762389,578.5034257033313,566.8958874400549,571.7425537109375,19312937,0.0,0.0
2019-01-15 00:00:00+05:30,576.0597302501743,594.6317814252524,576.0597302501743,591.8622436523438,19671304,0.0,0.0
2019-01-16 00:00:00+05:30,594.5503747696445,600.9854015274058,593.409965107738,600.1708374023438,9658944,0.0,0.0
2019-01-17 00:00:00+05:30,599.3563490403634,601.9629645134673,593.8987587691578,597.3606567382812,6903771,0.0,0.0
2019-01-18 00:00:00+05:30,594.6317328531462,599.6820397057184,591.6178360445916,595.4055786132812,5902151,0.0,0.0
2019-01-21 00:00:00+05:30,601.3111941073665,611.737604046508,597.8900151399959,606.8502197265625,8129422,0.0,0.0
2019-01-22 00:00:00+05:30,603.7955614129072,610.108432375403,597.8899724479918,607.13525390625,6723375,0.0,0.0
2019-01-23 00:00:00+05:30,604.6915640482205,604.8952050477271,593.9800773043954,595.9757690429688,7212099,0.0,0.0
2019-01-24 00:00:00+05:30,596.3443520371522,602.8966868486704,590.5291748880688,599.5386352539062,7429783,4.0,0.0
2019-01-25 00:00:00+05:30,596.2625881514491,604.3711241128384,593.1911805888558,598.1873168945312,5543112,0.0,0.0
2019-01-28 00:00:00+05:30,598.7196253995122,600.0300724357103,588.8911226569757,596.2215576171875,7944693,0.0,0.0
2019-01-29 00:00:00+05:30,594.2148825238887,600.2348203314026,586.843505621456,596.1806030273438,6760819,0.0,0.0
2019-01-30 00:00:00+05:30,596.1806253212579,601.8319844969104,590.6111003499817,594.5425415039062,5763026,0.0,0.0
2019-01-31 00:00:00+05:30,594.6243560691161,615.3461039340616,594.6243560691161,613.9127807617188,13825233,0.0,0.0
2019-02-01 00:00:00+05:30,615.3870546312231,624.5193909674094,609.7766381314575,620.0556030273438,6276585,0.0,0.0
2019-02-04 00:00:00+05:30,620.0146344681399,624.5193643090577,613.6261185099979,619.1137084960938,3945391,0.0,0.0
2019-02-05 00:00:00+05:30,611.8242041899947,622.4308051442351,611.8242041899947,618.253662109375,4694366,0.0,0.0
2019-02-06 00:00:00+05:30,618.8271077871492,628.1642055977976,617.8442474928149,625.1746826171875,5880482,0.0,0.0
2019-02-07 00:00:00+05:30,624.9700079873273,630.2118969502571,623.290981831975,625.7481079101562,3961797,0.0,0.0
2019-02-08 00:00:00+05:30,622.4717657263985,632.5050277397517,618.2946725577932,623.2089233398438,5915169,0.0,0.0
2019-02-11 00:00:00+05:30,628.1232384244684,629.6384459079119,621.6527875695677,624.76513671875,5500216,0.0,0.0
2019-02-12 00:00:00+05:30,622.7584476607594,622.7584476607594,606.9100079355055,614.6499633789062,7310690,0.0,0.0
2019-02-14 00:00:00+05:30,615.1004150192755,616.7384986811111,603.8385898441556,606.1318969726562,4610535,0.0,0.0
2019-02-15 00:00:00+05:30,607.9746939388574,611.4146793599828,600.0299787970624,607.6880493164062,5586389,0.0,0.0
2019-02-18 00:00:00+05:30,608.015733239308,612.3566952928098,602.8148371809656,606.9509887695312,5346825,0.0,0.0
2019-02-19 00:00:00+05:30,605.3539284257365,606.5415493360142,590.7749906739642,593.2321166992188,9401334,0.0,0.0
2019-02-20 00:00:00+05:30,595.4433035156233,608.5479704430649,594.665203918739,606.6641845703125,5210675,0.0,0.0
2019-02-21 00:00:00+05:30,604.4527649312278,604.4527649312278,595.5251905478972,600.7261352539062,7202786,0.0,0.0
2019-02-22 00:00:00+05:30,599.9481105676813,604.6166587640241,596.2624225164122,601.9547729492188,3750833,0.0,0.0
2019-02-25 00:00:00+05:30,602.4463077767017,620.8338099018117,602.4463077767017,618.2947998046875,6547552,0.0,0.0
2019-02-26 00:00:00+05:30,613.1347464344417,616.4109140349257,606.2138823706995,608.1386108398438,8319610,0.0,0.0
2019-02-27 00:00:00+05:30,610.1862201087534,611.3328987735545,600.1529567579719,602.2005615234375,5936354,0.0,0.0
2019-02-28 00:00:00+05:30,605.0262898765588,608.0567550466212,599.7844014748101,601.4224853515625,8559921,0.0,0.0
2019-03-01 00:00:00+05:30,602.4052680355632,608.8757185109415,602.4052680355632,607.6471557617188,3998826,0.0,0.0
2019-03-05 00:00:00+05:30,606.5003928330977,608.1384762708644,598.1052152145438,599.9480590820312,4826505,0.0,0.0
2019-03-06 00:00:00+05:30,602.8965892738755,602.8965892738755,595.443329628173,599.9480590820312,6076668,0.0,0.0
2019-03-07 00:00:00+05:30,601.1768076034632,601.5863285895691,590.1606830791435,592.1264038085938,5951551,0.0,0.0
2019-03-08 00:00:00+05:30,592.126331852435,592.126331852435,582.0521268165346,583.4444580078125,7193994,0.0,0.0
2019-03-11 00:00:00+05:30,584.2224826562593,588.4815098445738,581.0282497577801,582.54345703125,9932198,0.0,0.0
2019-03-12 00:00:00+05:30,580.7006933376064,585.5740025251808,577.9159309474641,579.0216674804688,11997387,0.0,0.0
2019-03-13 00:00:00+05:30,581.519810256439,588.5635513422761,578.4893449091442,580.2503051757812,11348867,0.0,0.0
2019-03-14 00:00:00+05:30,584.795880370228,585.5330380306991,578.4073639440849,580.1682739257812,6415187,0.0,0.0
2019-03-15 00:00:00+05:30,583.1578077561155,592.7815496678211,581.1920872843938,588.5225219726562,14638664,0.0,0.0
2019-03-18 00:00:00+05:30,590.9795757191553,592.7405355105828,577.7110891240125,581.6834716796875,8065544,0.0,0.0
2019-03-19 00:00:00+05:30,583.8130230042669,595.0339063919718,579.390226990882,591.552978515625,8917337,0.0,0.0
2019-03-20 00:00:00+05:30,595.6482779694352,607.9748497292742,595.5663937678503,605.2310791015625,13471173,0.0,0.0
2019-03-22 00:00:00+05:30,610.1861432695822,611.2918297075571,599.7843023728237,608.6299438476562,8883260,0.0,0.0
2019-03-25 00:00:00+05:30,608.0567311488095,608.0567311488095,598.351054566292,602.2005615234375,7644966,0.0,0.0
2019-03-26 00:00:00+05:30,602.200491807912,602.200491807912,588.97294655819,596.0576782226562,9406261,0.0,0.0
2019-03-27 00:00:00+05:30,597.9006098078652,599.784396251655,595.5663602999616,597.6549072265625,7387487,0.0,0.0
2019-03-28 00:00:00+05:30,597.9005461149236,610.1861737748193,597.9005461149236,604.2890625,9277241,0.0,0.0
2019-04-01 00:00:00+05:30,607.7290675919719,622.4718212532326,607.7290675919719,618.45849609375,6584982,0.0,0.0
2019-04-02 00:00:00+05:30,621.652892981118,627.2223687172647,618.0490880981279,621.9805297851562,7283600,0.0,0.0
2019-04-03 00:00:00+05:30,619.1956148026096,621.2432193489146,611.6604200741384,616.9841918945312,6897127,0.0,0.0
2019-04-04 00:00:00+05:30,615.4281090775968,617.3937796607026,610.2681050698608,612.5614624023438,7688525,0.0,0.0
2019-04-05 00:00:00+05:30,615.0185162773181,623.2498764851698,612.6432750277303,621.8984375,6276040,0.0,0.0
2019-04-08 00:00:00+05:30,624.969926052837,630.6622773857528,618.7042853691245,628.409912109375,4919911,0.0,0.0
2019-04-09 00:00:00+05:30,630.6622089976705,633.1193344872718,620.9975254033078,622.9631958007812,6730692,0.0,0.0
2019-04-10 00:00:00+05:30,625.7478986172582,627.9593213460419,615.3460583673061,616.4927368164062,7031088,0.0,0.0
2019-04-11 00:00:00+05:30,615.7147483970157,615.7147483970157,606.1319481678248,608.3024291992188,8200995,0.0,0.0
2019-04-12 00:00:00+05:30,608.6299123791141,615.5508252550869,606.5823079773671,612.4384765625,7043212,0.0,0.0
2019-04-15 00:00:00+05:30,593.5596590480188,599.0062575430907,583.6492223289517,595.8529663085938,31574803,0.0,0.0
2019-04-16 00:00:00+05:30,596.1805138979311,596.1805138979311,584.8776976783673,593.068115234375,12524411,0.0,0.0
2019-04-18 00:00:00+05:30,591.7576718694446,591.7576718694446,583.7720147058085,587.2938842773438,13801105,0.0,0.0
2019-04-22 00:00:00+05:30,587.2939619199173,594.4196361752723,585.6149360872473,590.5701293945312,6455426,0.0,0.0
2019-04-23 00:00:00+05:30,592.904521016147,597.9006571965787,588.3997900372688,596.4263916015625,5516668,0.0,0.0
2019-04-24 00:00:00+05:30,596.4263753949793,604.3710925399192,592.9863891065114,603.1834716796875,8285120,0.0,0.0
2019-04-25 00:00:00+05:30,603.1834025081248,604.1662627621687,595.4843888401887,596.7129516601562,8005235,0.0,0.0
2019-04-26 00:00:00+05:30,598.7195879514948,605.9271461804748,597.0815042635289,604.452880859375,6895168,0.0,0.0
2019-04-30 00:00:00+05:30,604.4528960648468,617.393747527244,604.4528960648468,615.3870849609375,9920046,0.0,0.0
2019-05-02 00:00:00+05:30,611.8243367583901,612.9710154847346,597.4911026308508,598.5558471679688,6351352,0.0,0.0
2019-05-03 00:00:00+05:30,592.0854020757248,598.7196213863281,588.2358951959644,592.65869140625,6348116,0.0,0.0
2019-05-06 00:00:00+05:30,585.615017536562,591.1844930199576,582.0522049085307,588.3997802734375,8858265,0.0,0.0
2019-05-07 00:00:00+05:30,590.0378952364235,596.1807104284031,588.6455137948366,593.4368896484375,5747536,0.0,0.0
2019-05-08 00:00:00+05:30,590.5292957729748,594.6245058684879,586.8436066870131,589.1778564453125,6247642,0.0,0.0
2019-05-09 00:00:00+05:30,589.0139798382986,598.146266679576,586.2701595841004,590.5701293945312,7396525,0.0,0.0
2019-05-10 00:00:00+05:30,590.3654749838823,594.6245034640656,585.6150412903677,587.1302490234375,8352335,0.0,0.0
2019-05-13 00:00:00+05:30,586.8844755049142,594.9930104776504,583.2397289769601,589.4644775390625,6808993,0.0,0.0
2019-05-14 00:00:00+05:30,586.8435156781311,587.8673180432361,576.2778552741086,584.6730346679688,10513001,0.0,0.0
2019-05-15 00:00:00+05:30,585.5330588787999,593.969180228459,583.6492225661541,586.515869140625,6668929,0.0,0.0
2019-05-16 00:00:00+05:30,589.7101466891902,603.6338584860183,588.9729890096893,600.4395751953125,6468556,0.0,0.0
2019-05-17 00:00:00+05:30,600.4806797356557,602.6511111044767,589.7921413329477,592.904541015625,8155948,0.0,0.0
2019-05-20 00:00:00+05:30,589.464601751128,594.952193748291,578.2437151280496,591.676025390625,11213708,0.0,0.0
2019-05-21 00:00:00+05:30,591.8805883355938,591.8805883355938,579.6359031881788,580.9463500976562,8645535,0.0,0.0
2019-05-22 00:00:00+05:30,581.519701864653,588.2767969919536,579.0625763638164,581.31494140625,5795713,0.0,0.0
2019-05-23 00:00:00+05:30,585.6149136475065,587.0072947689334,571.2407394015006,574.1892700195312,7233736,0.0,0.0
2019-05-24 00:00:00+05:30,576.4417164465291,582.9531099700822,573.697945900486,580.8645629882812,7016424,0.0,0.0
2019-05-27 00:00:00+05:30,579.3902116867029,584.6320494148865,577.8340122104795,579.9635009765625,10247544,0.0,0.0
2019-05-28 00:00:00+05:30,583.1578660411981,600.7263257957065,581.3559637604159,596.3444213867188,23860490,0.0,0.0
2019-05-29 00:00:00+05:30,594.2147857626564,600.8899959779046,592.6995785311416,596.0985717773438,10293077,0.0,0.0
2019-05-30 00:00:00+05:30,595.4433311591821,603.8385087993219,591.7985855027121,600.8080444335938,15089296,0.0,0.0
2019-05-31 00:00:00+05:30,603.2243665580788,608.5071968742748,600.5215382538521,604.2481689453125,8290306,0.0,0.0
2019-06-03 00:00:00+05:30,597.7366747975923,615.0184861691456,597.0814513785101,609.8994750976562,7744761,0.0,0.0
2019-06-04 00:00:00+05:30,603.8385966645237,605.6404987109646,600.4805451159699,602.241455078125,11733702,0.0,0.0
2019-06-06 00:00:00+05:30,603.2242791902138,609.8994897843149,600.8900300815419,602.4871215820312,7563925,0.0,0.0
2019-06-07 00:00:00+05:30,602.6918132131349,609.3260809582314,602.6918132131349,605.3536987304688,3218358,0.0,0.0
2019-06-10 00:00:00+05:30,606.1728298896163,617.6394153488794,606.1728298896163,617.1480102539062,4435148,0.0,0.0
2019-06-11 00:00:00+05:30,618.3766840051027,621.6528518673814,614.6909951600392,618.2947998046875,5733127,0.0,0.0
2019-06-12 00:00:00+05:30,619.9738622023045,619.9738622023045,610.1863001415597,617.3938598632812,8738342,0.0,0.0
2019-06-13 00:00:00+05:30,614.6526794403948,620.6330940283074,614.6526794403948,616.8538208007812,4808577,10.5,0.0
2019-06-14 00:00:00+05:30,617.8505388304515,619.2210685162378,613.1991332422704,615.0264892578125,5556353,0.0,0.0
2019-06-17 00:00:00+05:30,617.1445059168786,618.3904234927539,612.8253148478746,615.1094970703125,3085588,0.0,0.0
2019-06-18 00:00:00+05:30,614.8189583184542,624.9939544211218,614.8189583184542,623.0835571289062,6202838,0.0,0.0
2019-06-19 00:00:00+05:30,625.0352729859982,627.4440670741172,621.795867239426,624.5369262695312,4596253,0.0,0.0
2019-06-20 00:00:00+05:30,612.8254967014983,628.6902156266809,611.2473643883278,627.0289916992188,7148684,0.0,0.0
2019-06-21 00:00:00+05:30,627.111865186994,627.111865186994,620.5915832911402,623.1249389648438,13200318,0.0,0.0
2019-06-24 00:00:00+05:30,624.5369433387764,624.5369433387764,616.853785288096,619.2210083007812,4758178,0.0,0.0
2019-06-25 00:00:00+05:30,617.9751274183376,623.7063686367112,612.4100186853476,621.380615234375,3677911,0.0,0.0
2019-06-26 00:00:00+05:30,617.1445347485475,624.1632142265122,612.9914759682746,613.9882202148438,5447130,0.0,0.0
2019-06-27 00:00:00+05:30,616.3140444524427,618.5567067750658,604.8100896425549,606.8035278320312,11122346,0.0,0.0
2019-06-28 00:00:00+05:30,610.9149536799863,614.2374007428278,605.1006713200137,608.0078125,5919494,0.0,0.0
2019-07-01 00:00:00+05:30,610.4996653624189,612.5761948364407,606.2219943673258,607.4263916015625,3224968,0.0,0.0
2019-07-02 00:00:00+05:30,609.6691604201858,616.0233620029044,606.4297535943824,614.65283203125,4837606,0.0,0.0
2019-07-03 00:00:00+05:30,615.4833361000713,617.3106921765145,606.3466064143752,607.4263916015625,5958379,0.0,0.0
2019-07-04 00:00:00+05:30,605.5159425444407,611.66248953749,605.1836775785671,609.5028686523438,3274064,0.0,0.0
2019-07-05 00:00:00+05:30,610.4997355426586,611.662612460398,592.6415800131795,596.3793334960938,4926289,0.0,0.0
2019-07-08 00:00:00+05:30,595.0918239347808,602.1520241124088,591.6447647459191,596.0469970703125,7177092,0.0,0.0
2019-07-09 00:00:00+05:30,596.3792638452131,597.9158753745627,588.945278202546,594.302734375,5022638,0.0,0.0
2019-07-10 00:00:00+05:30,588.9038602470645,600.2832538636409,586.8273304154458,595.7564086914062,7573816,0.0,0.0
2019-07-11 00:00:00+05:30,597.5837547303134,600.9477228599543,589.4021969175512,599.2864990234375,6252688,0.0,0.0
2019-07-12 00:00:00+05:30,600.1170554356268,606.8449910726279,597.7082608168605,603.6471557617188,7874441,0.0,0.0
2019-07-15 00:00:00+05:30,633.7567977432616,649.2477279536022,626.4474241078071,647.3372802734375,31064152,0.0,0.0
2019-07-16 00:00:00+05:30,645.3854178347866,654.3560158198262,644.5548059714214,651.9057006835938,9924322,0.0,0.0
2019-07-17 00:00:00+05:30,651.1166002748175,660.3363708342729,645.1777057176371,659.63037109375,6754348,0.0,0.0
2019-07-18 00:00:00+05:30,655.3942718514284,663.2435639941708,653.0270483512235,658.426025390625,6534471,0.0,0.0
2019-07-19 00:00:00+05:30,655.1035577163394,659.9210961708561,648.9154894694542,652.362548828125,6812754,0.0,0.0
2019-07-22 00:00:00+05:30,652.8193595476663,657.8445508383775,649.5799532232627,651.5319213867188,7107151,0.0,0.0
2019-07-23 00:00:00+05:30,653.691436822683,667.8118363474424,652.4870396650913,656.2247924804688,10782564,0.0,0.0
2019-07-24 00:00:00+05:30,654.5220354149844,659.2980528053856,650.8673235680709,653.1099853515625,5745146,0.0,0.0
2019-07-25 00:00:00+05:30,654.7297577422845,664.6555789884969,654.2314109360275,659.9210815429688,9773568,0.0,0.0
2019-07-26 00:00:00+05:30,658.0937610019704,660.3364231444071,649.7046015651606,653.6915283203125,4941763,0.0,0.0
2019-07-29 00:00:00+05:30,655.7680531069474,661.9561215054628,653.0270441515682,657.3877563476562,6244316,0.0,0.0
2019-07-30 00:00:00+05:30,657.7615460481574,662.662125558315,654.9789659253205,658.426025390625,8673253,0.0,0.0
2019-07-31 00:00:00+05:30,656.8893950689794,664.3233816480152,649.2062350614366,659.2151489257812,7350584,0.0,0.0
2019-08-01 00:00:00+05:30,653.2346424255967,654.8543455307068,634.9196628746307,638.6158447265625,10066407,0.0,0.0
2019-08-02 00:00:00+05:30,635.4594688426785,647.7940829647666,633.1337662296781,644.222412109375,10838336,0.0,0.0
2019-08-05 00:00:00+05:30,641.730630771693,652.7778078277031,638.4497548499427,645.1361694335938,9976238,0.0,0.0
2019-08-06 00:00:00+05:30,646.8804137439195,650.9504315533787,639.404908075007,643.2672729492188,9331718,0.0,0.0
2019-08-07 00:00:00+05:30,646.9635097956751,650.7427831039292,641.5229622974713,644.6377563476562,5130457,0.0,0.0
2019-08-08 00:00:00+05:30,650.1198285698702,658.4674665399663,648.9154313899069,655.14501953125,8009009,0.0,0.0
2019-08-09 00:00:00+05:30,657.8446126861945,661.7900191385423,651.8641969770148,656.0587768554688,4362520,0.0,0.0
2019-08-13 00:00:00+05:30,651.3242151572565,652.8608265951904,631.3895334291591,635.2103271484375,7517099,0.0,0.0
2019-08-14 00:00:00+05:30,643.8071567878654,646.4236041181558,637.909833553156,643.5579833984375,5940968,0.0,0.0
2019-08-16 00:00:00+05:30,647.8772475858785,647.9187680393676,633.3415401079902,643.3504028320312,5128088,0.0,0.0
2019-08-19 00:00:00+05:30,644.2224982046083,650.36904586431,642.3536216360327,645.92529296875,3881451,0.0,0.0
2019-08-20 00:00:00+05:30,652.1963596556726,662.8281799720612,651.0750033693879,658.4674682617188,8435344,0.0,0.0
2019-08-21 00:00:00+05:30,658.6751366925611,667.6042132618487,658.6751366925611,664.0325927734375,5926896,0.0,0.0
2019-08-22 00:00:00+05:30,664.4064878803115,665.5693141377823,658.1353273951073,660.9179077148438,5222488,0.0,0.0
2019-08-23 00:00:00+05:30,661.5406941827032,672.7539520577561,661.0007763027058,666.3167114257812,6895015,0.0,0.0
2019-08-26 00:00:00+05:30,661.0838843869907,670.137521664497,653.6083789504089,666.607421875,5412074,0.0,0.0
2019-08-27 00:00:00+05:30,657.0138660607204,660.2947924717554,648.7907898099255,651.739501953125,16061642,0.0,0.0
2019-08-28 00:00:00+05:30,654.0238208103959,668.6425697588104,653.1101173157911,666.5660400390625,5881134,0.0,0.0
2019-08-29 00:00:00+05:30,660.7517518817881,672.5464507410447,660.7517518817881,670.2622680664062,7830413,0.0,0.0
2019-08-30 00:00:00+05:30,672.7956430082355,678.9006202309955,666.150747768648,676.8656616210938,8174186,0.0,0.0
2019-09-03 00:00:00+05:30,676.948642467186,683.095190297031,674.4983274256996,676.32568359375,5647088,0.0,0.0
2019-09-04 00:00:00+05:30,673.418452964991,683.1366202423644,673.0031471043897,682.181396484375,6199015,0.0,0.0
2019-09-05 00:00:00+05:30,689.4908626693439,695.637410515493,686.6252924011552,692.7717895507812,7926895,0.0,0.0
2019-09-06 00:00:00+05:30,700.4550201701353,703.5282944054269,693.6024718480045,697.838623046875,6106841,0.0,0.0
2019-09-09 00:00:00+05:30,695.0558766284423,697.9630176462329,687.3727182242817,688.66015625,4377870,0.0,0.0
2019-09-11 00:00:00+05:30,683.0120484163427,688.2033719794862,676.2425929079153,681.1846923828125,7981036,0.0,0.0
2019-09-12 00:00:00+05:30,678.111572265625,680.9771427499949,673.5016356849738,678.111572265625,4400017,0.0,0.0
2019-09-13 00:00:00+05:30,679.523492689541,690.27992562916,679.0251458885981,688.8263549804688,4832021,0.0,0.0
2019-09-16 00:00:00+05:30,691.1106391384745,696.0112697538913,681.5586020413115,687.4974975585938,4846496,0.0,0.0
2019-09-17 00:00:00+05:30,690.6537589212288,693.5609004199953,681.5585489500689,690.4461059570312,5540901,0.0,0.0
2019-09-18 00:00:00+05:30,689.3248963511685,691.8582527283356,684.4242654341318,689.2833251953125,3199389,0.0,0.0
2019-09-19 00:00:00+05:30,685.130113975679,686.9159496008917,677.114740628599,681.68310546875,6601607,0.0,0.0
2019-09-20 00:00:00+05:30,683.510488990699,693.5608717639994,666.1506816224282,668.6425170898438,22462366,0.0,0.0
2019-09-23 00:00:00+05:30,670.2206856484727,670.2206856484727,616.2309183302906,634.8781127929688,17279260,0.0,0.0
2019-09-24 00:00:00+05:30,635.4179803323901,663.3680856282322,635.4179803323901,659.5472412109375,13717998,0.0,0.0
2019-09-25 00:00:00+05:30,654.27292191927,665.3200486679606,649.2477306922306,658.3844604492188,9313576,0.0,0.0
2019-09-26 00:00:00+05:30,654.314430659483,661.9975896358084,646.2990066920602,649.9952392578125,18442824,0.0,0.0
2019-09-27 00:00:00+05:30,653.7330369795699,659.7134523526664,647.9602745659801,649.70458984375,5087642,0.0,0.0
2019-09-30 00:00:00+05:30,652.1133205977852,671.1343515833988,651.3242799247997,669.1824340820312,8178091,0.0,0.0
2019-10-01 00:00:00+05:30,670.303820560099,670.7606469775567,657.4708562353491,659.132080078125,5881438,0.0,0.0
2019-10-03 00:00:00+05:30,658.3013262012441,662.7035582960015,651.3242179840394,652.528564453125,5497672,0.0,0.0
2019-10-04 00:00:00+05:30,656.1833900838353,662.4960201402085,653.733074880293,659.0490112304688,8201713,0.0,0.0
2019-10-07 00:00:00+05:30,660.2117414949626,666.1506358965884,652.943888547213,655.8095092773438,3679845,0.0,0.0
2019-10-09 00:00:00+05:30,660.7102062734932,661.0839917453272,646.8804986913017,650.9089965820312,6335025,0.0,0.0
2019-10-10 00:00:00+05:30,652.3624292783077,660.087107710048,645.0530059872068,650.4104614257812,10402917,0.0,0.0
2019-10-11 00:00:00+05:30,649.1231670070367,684.2580384600514,645.0531486243522,676.7825317382812,20636344,0.0,0.0
2019-10-14 00:00:00+05:30,653.4838266342182,661.9975974928145,647.8771970444108,652.9439086914062,15150858,0.0,0.0
2019-10-15 00:00:00+05:30,642.1459842541828,644.5132583830244,635.4180487227859,638.1590576171875,13762133,0.0,0.0
2019-10-16 00:00:00+05:30,635.6257091593558,644.5132659670761,632.5524352188232,640.7755126953125,10767032,0.0,0.0
2019-10-17 00:00:00+05:30,637.0792931153295,640.0279550628036,635.5011103114015,639.1558227539062,9860495,0.0,0.0
2019-10-18 00:00:00+05:30,634.4212498088667,642.7273673782327,631.2649352718113,637.7852172851562,10037200,0.0,0.0
2019-10-22 00:00:00+05:30,574.0358037405917,574.0358037405917,530.2210306006513,534.5402221679688,90152532,0.0,0.0
2019-10-23 00:00:00+05:30,529.8722802251152,552.286739279614,517.3403597303704,547.1982421875,60516887,8.0,0.0
2019-10-24 00:00:00+05:30,546.6936639289946,549.3850891568092,531.5544547740378,534.3720092773438,25666433,0.0,0.0
2019-10-25 00:00:00+05:30,544.1704253387669,548.7962944877054,534.9186870408898,536.1382446289062,16549337,0.0,0.0
2019-10-27 00:00:00+05:30,547.6187804114672,548.7962949114259,542.9508681699579,545.7263793945312,2945281,0.0,0.0
2019-10-29 00:00:00+05:30,547.5348315471026,549.8477667034075,544.1705622288408,547.240478515625,16709764,0.0,0.0
2019-10-30 00:00:00+05:30,555.4407143722327,564.6924521557306,551.9082224061469,555.60888671875,22879467,0.0,0.0
2019-10-31 00:00:00+05:30,562.1692466354746,584.9201004709493,560.2347513187437,576.6355590820312,27405901,0.0,0.0
2019-11-01 00:00:00+05:30,580.3364111471362,583.7006801972645,574.1124928705301,578.5701904296875,9713519,0.0,0.0
2019-11-04 00:00:00+05:30,573.4394946819951,616.0816036595612,570.3696308024386,596.3165283203125,29381982,0.0,0.0
2019-11-05 00:00:00+05:30,596.1063163892159,596.1063163892159,581.5979086887376,585.466796875,12897805,0.0,0.0
2019-11-06 00:00:00+05:30,585.2144945072711,606.8299298571256,582.0184497035772,599.0921020507812,21372589,0.0,0.0
2019-11-07 00:00:00+05:30,603.0450565081651,609.2268786037793,598.9238075546509,605.65234375,13733737,0.0,0.0
2019-11-08 00:00:00+05:30,607.250505545007,609.1429067049463,593.3728970387845,595.6017456054688,8585630,0.0,0.0
2019-11-11 00:00:00+05:30,587.821884324268,594.8027317901436,587.0649033133493,592.44775390625,6951494,0.0,0.0
2019-11-13 00:00:00+05:30,585.8032569829571,588.7469919426704,578.4439195836737,581.4717407226562,9973690,0.0,0.0
2019-11-14 00:00:00+05:30,585.6770896162902,596.9894530555067,585.6770896162902,593.2046508789062,10539902,0.0,0.0
2019-11-15 00:00:00+05:30,596.3586254703425,599.6388077408627,590.6814224645931,592.0271606445312,7362623,0.0,0.0
2019-11-18 00:00:00+05:30,592.9523207423371,597.1576563504387,588.1582278821685,593.1205444335938,7490916,0.0,0.0
2019-11-19 00:00:00+05:30,597.0735805159674,600.5219352404855,592.952331014765,599.5546875,6495885,0.0,0.0
2019-11-20 00:00:00+05:30,599.5126844977053,601.3630425879865,592.952370663679,599.680908203125,6142171,0.0,0.0
2019-11-21 00:00:00+05:30,601.783514269519,606.7878738165402,597.5781787400324,599.89111328125,9692973,0.0,0.0
2019-11-22 00:00:00+05:30,598.6295566921235,598.8398234840772,576.2150961359949,583.0277709960938,14415826,0.0,0.0
2019-11-25 00:00:00+05:30,583.153978270083,593.0786132454966,583.0278489788401,587.1490478515625,7334511,0.0,0.0
2019-11-26 00:00:00+05:30,592.9523919577827,594.8447932087118,576.9721147277148,580.8410034179688,27253106,0.0,0.0
2019-11-27 00:00:00+05:30,583.9109454961977,586.7705947152475,580.4204958318871,585.1725463867188,3861635,0.0,0.0
2019-11-28 00:00:00+05:30,587.9901653674727,591.564701614191,583.7427855059548,590.3031005859375,4837683,0.0,0.0
2019-11-29 00:00:00+05:30,589.5039594161403,590.6814225723055,581.6399511170558,585.6770629882812,4262379,0.0,0.0
2019-12-02 00:00:00+05:30,591.3541826313485,592.1111634594059,580.5885353808359,582.6071166992188,9383736,0.0,0.0
2019-12-03 00:00:00+05:30,582.6072540962515,588.4947244395534,579.1168047159983,587.3592529296875,5239013,0.0,0.0
2019-12-04 00:00:00+05:30,586.2237444632668,597.5781498438323,583.1538291413242,596.1903686523438,7427886,0.0,0.0
2019-12-05 00:00:00+05:30,594.1719436440509,602.1200390839109,591.9430949929077,601.2368774414062,4814422,0.0,0.0
2019-12-06 00:00:00+05:30,602.162020378916,605.5683319793674,596.8212133169111,601.4470825195312,5226096,0.0,0.0
2019-12-09 00:00:00+05:30,602.2041590874434,607.5449156627999,600.7322913801765,603.2554931640625,6435865,0.0,0.0
2019-12-10 00:00:00+05:30,599.6808533083139,604.3067224432308,597.1576519619956,600.9844970703125,4457939,0.0,0.0
2019-12-11 00:00:00+05:30,602.7086571917863,607.839197250365,599.6808361964681,606.451416015625,6043554,0.0,0.0
2019-12-12 00:00:00+05:30,604.3068293308839,606.157187579068,588.3685944072756,590.5133056640625,11112042,0.0,0.0
2019-12-13 00:00:00+05:30,589.0414023790205,599.5968369750725,589.0414023790205,598.2510986328125,10302412,0.0,0.0
2019-12-16 00:00:00+05:30,599.0922090585398,605.7366610576219,597.3259883168458,600.5220336914062,5616324,0.0,0.0
2019-12-17 00:00:00+05:30,605.3161338110555,615.0304506622737,601.3631073142232,613.726806640625,10525565,0.0,0.0
2019-12-18 00:00:00+05:30,614.8201151605759,620.1188281843561,607.8813108513082,616.0396728515625,12215295,0.0,0.0
2019-12-19 00:00:00+05:30,616.922757182373,618.9833819756819,609.4372389812634,614.6939086914062,7199210,0.0,0.0
2019-12-20 00:00:00+05:30,614.8200161609049,618.1842843751916,612.5070817635827,615.2825927734375,7794167,0.0,0.0
2019-12-23 00:00:00+05:30,615.7872420816946,620.1187064539813,615.3667085697449,619.0253295898438,4975608,0.0,0.0
2019-12-24 00:00:00+05:30,619.82433961259,619.82433961259,612.5490894853496,616.8385620117188,2890759,0.0,0.0
2019-12-26 00:00:00+05:30,615.6611306746806,617.8058415596886,611.0773046124243,613.0958862304688,3821806,0.0,0.0
2019-12-27 00:00:00+05:30,613.7686481054752,620.2869174070407,613.0116672656245,619.8243408203125,3399094,0.0,0.0
2019-12-30 00:00:00+05:30,619.1094031390497,620.6654079023416,611.6659806631237,616.4180297851562,5368416,0.0,0.0
2019-12-31 00:00:00+05:30,613.7267313848213,620.4973119154746,610.1521958705674,614.9462890625,6927885,0.0,0.0
2020-01-01 00:00:00+05:30,618.1843417505002,622.3896774086668,616.1237170110657,619.7402954101562,2112415,0.0,0.0
2020-01-02 00:00:00+05:30,621.4644375285022,623.0624340552083,614.7359014127125,617.9319458007812,5658200,0.0,0.0
2020-01-03 00:00:00+05:30,617.2592041731061,629.1182304975495,617.2592041731061,627.4360961914062,7882938,0.0,0.0
2020-01-06 00:00:00+05:30,627.5200993341153,633.9963258227109,619.4458762669432,621.42236328125,6519403,0.0,0.0
2020-01-07 00:00:00+05:30,620.7075258131158,624.576413976731,609.8577395841436,612.2127685546875,7899363,0.0,0.0
2020-01-08 00:00:00+05:30,609.7317082867079,613.1380203550798,595.7279181521372,604.0545043945312,8639443,0.0,0.0
2020-01-09 00:00:00+05:30,606.9982947809511,615.2407442455352,600.7743760824645,611.9185180664062,13521186,0.0,0.0
2020-01-10 00:00:00+05:30,622.7681231962308,624.8287477877989,614.3994955700625,620.8336791992188,9341405,0.0,0.0
2020-01-13 00:00:00+05:30,639.2109733409196,653.9296470691644,635.0056379899925,650.607421875,36952038,0.0,0.0
2020-01-14 00:00:00+05:30,647.579625512934,653.4670952274895,645.2666909822158,652.3737182617188,11414418,0.0,0.0
2020-01-15 00:00:00+05:30,650.8598090964978,650.8598090964978,641.0193642733277,645.5610961914062,6047430,0.0,0.0
2020-01-16 00:00:00+05:30,648.2103468372233,649.724257169522,639.4211864247627,645.098388671875,5740586,0.0,0.0
2020-01-17 00:00:00+05:30,648.2104265364883,650.0607844299849,641.1033992493434,645.8133544921875,3762957,0.0,0.0
2020-01-20 00:00:00+05:30,648.9675074609296,651.3225369661824,641.6923061244154,646.3181762695312,3887680,0.0,0.0
2020-01-21 00:00:00+05:30,646.3180191480478,648.0421964251409,639.8417922523373,641.3136596679688,4448374,0.0,0.0
2020-01-22 00:00:00+05:30,646.3179886109423,654.3501687183814,644.257364059486,647.7898559570312,9733935,0.0,0.0
2020-01-23 00:00:00+05:30,653.5931214052721,660.6581044822925,653.256725418295,659.6908569335938,12528017,0.0,0.0
2020-01-24 00:00:00+05:30,652.4578666382421,661.4993388475377,650.6495516625163,658.3453369140625,7540490,0.0,0.0
2020-01-27 00:00:00+05:30,655.2333502280002,660.0694863204792,651.3224187974897,654.434326171875,3741610,0.0,0.0
2020-01-28 00:00:00+05:30,656.873421087976,657.5462645174204,649.3038170037356,654.3502197265625,5121009,0.0,0.0
2020-01-29 00:00:00+05:30,661.5833351166798,666.7979612049103,659.606848040858,664.190673828125,6832757,0.0,0.0
2020-01-30 00:00:00+05:30,664.1907593716351,664.1907593716351,654.3502631422793,656.6211547851562,3859680,0.0,0.0
2020-01-31 00:00:00+05:30,656.4948643925258,660.1955798831523,648.9673041567233,652.6259765625,6092028,0.0,0.0
2020-02-03 00:00:00+05:30,657.7144960957066,665.242057181126,642.9958213109562,645.4349365234375,6416745,0.0,0.0
2020-02-04 00:00:00+05:30,647.7057633307895,664.3589332396054,647.7057633307895,662.6347045898438,5771311,0.0,0.0
2020-02-05 00:00:00+05:30,656.8735354343493,661.0788717687561,651.322512006801,659.8593139648438,6310409,0.0,0.0
2020-02-06 00:00:00+05:30,659.690952260605,661.7515769003892,647.6216600391936,648.757080078125,7341622,0.0,0.0
2020-02-07 00:00:00+05:30,652.6259935803769,655.0650572465045,648.4627013785246,653.7614135742188,2853344,0.0,0.0
2020-02-10 00:00:00+05:30,650.985953783631,654.3502222786368,647.4114185076872,650.3131103515625,3827682,0.0,0.0
2020-02-11 00:00:00+05:30,655.1912476744426,655.275333847597,646.9488006535574,650.607421875,4312817,0.0,0.0
2020-02-12 00:00:00+05:30,652.4998032868976,658.7657630394906,651.9110460884273,656.9154052734375,2948825,0.0,0.0
2020-02-13 00:00:00+05:30,660.2376519080102,667.8072555604587,657.8826743719583,666.3353881835938,4387430,0.0,0.0
2020-02-14 00:00:00+05:30,668.2279173923379,672.1809436589497,659.9013312421273,661.4573364257812,5321680,0.0,0.0
2020-02-17 00:00:00+05:30,664.6953552903132,667.3447373343718,658.8078852676626,663.98046875,2929629,0.0,0.0
2020-02-18 00:00:00+05:30,660.2377379139069,672.0547215548595,659.1023177519982,670.8772583007812,5083346,0.0,0.0
2020-02-19 00:00:00+05:30,672.8538092700387,676.9329649548696,669.6157208467954,673.2322998046875,3985192,0.0,0.0
2020-02-20 00:00:00+05:30,675.587174955246,677.9841957517539,667.6811233668155,670.3305053710938,4564569,0.0,0.0
2020-02-24 00:00:00+05:30,672.9377553322428,682.6100268263813,666.2513130627193,669.3632202148438,6627536,0.0,0.0
2020-02-25 00:00:00+05:30,672.0126764144537,677.9001466709008,668.9848551021477,671.508056640625,6996695,0.0,0.0
2020-02-26 00:00:00+05:30,667.7652996223086,674.073303489259,656.4529357539774,658.3453369140625,8760569,0.0,0.0
2020-02-27 00:00:00+05:30,654.350118570711,656.6630527944506,649.4719402930274,654.2239379882812,5223386,0.0,0.0
2020-02-28 00:00:00+05:30,630.8003938548435,636.5196404921938,607.2925555769194,615.4088745117188,14123957,0.0,0.0
2020-03-02 00:00:00+05:30,619.8665153162788,644.1733774955193,617.1330469651554,623.2728271484375,9821523,0.0,0.0
2020-03-03 00:00:00+05:30,635.0056978401889,638.3699664380177,623.4410245351523,628.2771606445312,7826587,0.0,0.0
2020-03-04 00:00:00+05:30,634.0804523852453,640.472541258559,627.0575119068291,638.1596069335938,11013444,0.0,0.0
2020-03-05 00:00:00+05:30,642.3650354401867,650.6074832384764,632.2722296460365,634.6692504882812,7755293,0.0,0.0
2020-03-06 00:00:00+05:30,623.2308304225414,625.7540321651428,613.2221096430209,621.5066528320312,9216022,0.0,0.0
2020-03-09 00:00:00+05:30,609.3531944446008,610.4886146457234,586.2238461392502,592.4898071289062,10308654,0.0,0.0
2020-03-11 00:00:00+05:30,580.8829671021214,585.3406121118303,562.7158883814333,576.9719848632812,16165009,0.0,0.0
2020-03-12 00:00:00+05:30,561.8327232557575,563.5148571577208,527.7695117409997,530.8814697265625,13965574,0.0,0.0
2020-03-13 00:00:00+05:30,497.9117502015818,560.9917861223903,479.40827299814464,540.2594604492188,16903113,0.0,0.0
2020-03-16 00:00:00+05:30,523.1437605776648,523.2699411824093,487.8189407315845,490.46832275390625,19140152,0.0,0.0
2020-03-17 00:00:00+05:30,494.6315904961684,497.9117730484286,462.58695131188466,466.750244140625,16059887,0.0,0.0
2020-03-18 00:00:00+05:30,477.72611264076613,486.1367836379627,444.0834286519798,449.38214111328125,15390183,0.0,0.0
2020-03-19 00:00:00+05:30,428.3134782001392,469.31550483196395,428.3134782001392,458.8442077636719,16583991,0.0,0.0
2020-03-20 00:00:00+05:30,462.16651207973536,519.3170491816445,460.9049110458507,492.192626953125,21354894,0.0,0.0
2020-03-23 00:00:00+05:30,454.17620279369305,471.7965675949356,433.90650761028235,442.7797546386719,17146150,0.0,0.0
2020-03-24 00:00:00+05:30,439.037031100093,505.607513341951,439.037031100093,496.0613708496094,20027097,0.0,0.0
2020-03-25 00:00:00+05:30,502.11712139803734,534.0776751888671,475.79172814778747,509.8549499511719,18339548,0.0,0.0
2020-03-26 00:00:00+05:30,517.2563316143504,547.4085704111733,514.8172161834398,540.8062133789062,14843813,0.0,0.0
2020-03-27 00:00:00+05:30,559.3516351434106,567.6361764431037,540.1753165397977,548.9644775390625,13495283,0.0,0.0
2020-03-30 00:00:00+05:30,525.7510634950928,558.0480631150446,522.3867948402923,527.0968017578125,14624804,0.0,0.0
2020-03-31 00:00:00+05:30,546.6935643161171,556.7863685804145,532.9841821240443,539.5444946289062,15175521,0.0,0.0
2020-04-01 00:00:00+05:30,533.5308318522852,536.1802134407963,499.5937988766008,506.99517822265625,13083824,0.0,0.0
2020-04-03 00:00:00+05:30,507.584084914,509.68675303709034,489.6273196766772,492.61309814453125,10221655,0.0,0.0
2020-04-07 00:00:00+05:30,517.2561659835314,541.8573738778701,515.4899459506191,537.4417724609375,15145605,0.0,0.0
2020-04-08 00:00:00+05:30,529.8722697251504,551.4456612406818,526.8023542952592,531.2179565429688,11806896,0.0,0.0
2020-04-09 00:00:00+05:30,544.002339430695,549.0487434167584,531.6386393979046,535.1290893554688,11931114,0.0,0.0
2020-04-13 00:00:00+05:30,529.0311469840265,548.1233782947373,526.5499890484102,536.0961303710938,8330276,0.0,0.0
2020-04-15 00:00:00+05:30,547.8711577762954,549.4691545480491,534.5822558420756,537.4839477539062,11963447,0.0,0.0
2020-04-16 00:00:00+05:30,521.4196366879324,533.9936019754227,507.5840705622592,524.6997680664062,17783287,0.0,0.0
2020-04-17 00:00:00+05:30,541.6471957318588,543.3293298800944,526.5079883977386,528.8209228515625,8878320,0.0,0.0
2020-04-20 00:00:00+05:30,538.282934250477,555.9453430305707,537.4418671657106,549.4691162109375,13322913,0.0,0.0
2020-04-21 00:00:00+05:30,528.0219981501725,543.749965660496,528.0219981501725,532.5637817382812,11660575,0.0,0.0
2020-04-22 00:00:00+05:30,532.5637884083881,542.4883716065032,528.2322715740959,539.8389892578125,8266728,0.0,0.0
2020-04-23 00:00:00+05:30,544.2124980318446,574.995587025574,536.6849366494273,571.3369140625,14451289,0.0,0.0
2020-04-24 00:00:00+05:30,562.2955522963262,567.7204468329988,550.7308765275059,553.4223022460938,7319940,0.0,0.0
2020-04-27 00:00:00+05:30,555.9874274603991,572.7667273161079,555.9874274603991,558.9732055664062,7183306,0.0,0.0
2020-04-28 00:00:00+05:30,566.0381072949435,569.4023753917932,549.2588098949748,555.6929931640625,7296571,0.0,0.0
2020-04-29 00:00:00+05:30,560.1506783062439,573.6077516589464,553.4221416298926,569.02392578125,8639056,0.0,0.0
2020-04-30 00:00:00+05:30,588.7469682886748,605.5683102397799,587.1489202694552,601.7835083007812,16253821,0.0,0.0
2020-05-04 00:00:00+05:30,580.168113799409,589.7562999093207,563.8093473522927,566.626953125,9122740,0.0,0.0
2020-05-05 00:00:00+05:30,573.3975334622045,576.6356214781432,563.5149943816311,566.626953125,6393053,0.0,0.0
2020-05-06 00:00:00+05:30,569.3184513263835,573.1452971092436,558.5107061871496,560.0667114257812,7934250,0.0,0.0
2020-05-07 00:00:00+05:30,559.7722589411038,567.1736399581171,557.1649711817623,559.2676391601562,4779548,0.0,0.0
2020-05-08 00:00:00+05:30,565.4074549933629,572.6827071905893,562.253452827167,567.0475463867188,8400321,0.0,0.0
2020-05-11 00:00:00+05:30,574.0282987181456,587.5274154760135,570.2434967485754,574.36474609375,7370186,0.0,0.0
2020-05-12 00:00:00+05:30,570.6640780980144,581.1774177829448,568.1408765736312,578.35986328125,7356039,0.0,0.0
2020-05-13 00:00:00+05:30,584.3735061651205,588.6629798758297,575.0797234605891,583.8268432617188,8287101,0.0,0.0
2020-05-14 00:00:00+05:30,554.2633485824617,564.9869566164926,548.880497349157,553.5484619140625,16888262,0.0,0.0
2020-05-15 00:00:00+05:30,559.1415147773635,559.1415147773635,543.9182176167352,548.628173828125,9255353,0.0,0.0
2020-05-18 00:00:00+05:30,554.9780976739177,563.9775257855467,549.2168086529995,558.3844604492188,10435442,0.0,0.0
2020-05-19 00:00:00+05:30,558.4686963397711,567.552213061495,550.8990905158886,562.3375854492188,5902208,0.0,0.0
2020-05-20 00:00:00+05:30,562.2534253480909,566.0382277625507,554.8100011335205,563.1365356445312,5794636,0.0,0.0
2020-05-21 00:00:00+05:30,560.5712028383799,571.46303167509,559.6460495941161,565.3652954101562,7213225,0.0,0.0
2020-05-22 00:00:00+05:30,567.72037055354,585.2566014656595,566.4587697300877,582.3128662109375,11867731,0.0,0.0
2020-05-26 00:00:00+05:30,582.8594788706966,588.2843717331784,571.0845399036119,572.38818359375,7099606,0.0,0.0
2020-05-27 00:00:00+05:30,577.0141472285978,596.4848736090092,567.7203648560363,593.3308715820312,8774636,0.0,0.0
2020-05-28 00:00:00+05:30,594.634438857081,597.1576401535042,580.3362981773491,594.9708862304688,9440091,0.0,0.0
2020-05-29 00:00:00+05:30,590.3674583600675,597.443332291843,575.4058097137352,589.0886840820312,28290128,9.5,0.0
2020-06-01 00:00:00+05:30,595.6954391455794,602.4303350491153,589.5146993476467,596.37744140625,12276438,0.0,0.0
2020-06-02 00:00:00+05:30,597.1874037086551,606.6929770578658,594.6724713306025,603.66650390625,7059304,0.0,0.0
2020-06-03 00:00:00+05:30,605.8830608334472,606.9060903206365,593.3510666906208,598.08251953125,11378568,0.0,0.0
2020-06-04 00:00:00+05:30,598.4661973463441,604.8174515852697,594.6298755684829,603.3681640625,10782424,0.0,0.0
2020-06-05 00:00:00+05:30,602.7288494809951,606.7356853368517,597.2727259283245,599.7876586914062,7718679,0.0,0.0
2020-06-08 00:00:00+05:30,603.2829633303422,618.7560973850326,600.1712591421498,614.5361328125,10719105,0.0,0.0
2020-06-09 00:00:00+05:30,613.8115010447252,621.99563357861,609.5915365683536,611.7654418945312,10078029,0.0,0.0
2020-06-10 00:00:00+05:30,609.5489417815735,613.3426483993511,604.6043593738111,610.2735595703125,7263049,0.0,0.0
2020-06-11 00:00:00+05:30,606.991282190853,608.1848251883113,596.9742210030123,600.1285400390625,8825715,0.0,0.0
2020-06-12 00:00:00+05:30,576.1302586304287,592.6264731974438,575.8745142565444,589.983642578125,9795316,0.0,0.0
2020-06-15 00:00:00+05:30,590.7934997446474,600.5122015062036,584.1865017316301,586.1472778320312,7857344,0.0,0.0
2020-06-16 00:00:00+05:30,598.4663653382294,606.9915272376344,596.0367150102825,597.7843627929688,10131760,0.0,0.0
2020-06-17 00:00:00+05:30,596.6759896949491,605.5421251792208,595.0561884259687,599.8729248046875,7291916,0.0,0.0
2020-06-18 00:00:00+05:30,603.7518543454688,610.9129576764952,601.8763086992066,608.6112060546875,6670195,0.0,0.0
2020-06-19 00:00:00+05:30,604.4338664974124,606.9061838028125,597.6137382435629,601.49267578125,22438862,0.0,0.0
2020-06-22 00:00:00+05:30,602.8140505610636,604.1781073987241,596.7612076963795,599.91552734375,7804096,0.0,0.0
2020-06-23 00:00:00+05:30,593.0953775196116,617.6478273297574,590.0262887724396,614.3656616210938,12157390,0.0,0.0
2020-06-24 00:00:00+05:30,611.1686986217766,619.6085752135434,604.7748290673575,608.8242797851562,10220838,0.0,0.0
2020-06-25 00:00:00+05:30,600.8958626332601,601.5352496128797,591.2198271550594,597.1874389648438,14945284,0.0,0.0
2020-06-26 00:00:00+05:30,605.4568122738649,640.7509398784986,605.2862986844485,637.8524169921875,26030458,0.0,0.0
2020-06-29 00:00:00+05:30,626.9403176456741,634.8687064238363,622.4219409995899,623.82861328125,8954428,0.0,0.0
2020-06-30 00:00:00+05:30,624.7236118446258,629.9666051973649,617.4346116478082,627.4090576171875,10411290,0.0,0.0
2020-07-01 00:00:00+05:30,628.5173602441739,632.8225552213215,622.1234908622394,623.9564208984375,5477468,0.0,0.0
2020-07-02 00:00:00+05:30,628.6026176947248,652.5583472155681,626.94025321164,645.0135498046875,17263756,0.0,0.0
2020-07-03 00:00:00+05:30,643.6495449731943,651.3221885556562,641.5182550891772,650.2139282226562,7796572,0.0,0.0
2020-07-06 00:00:00+05:30,652.3452952970697,660.6999422243128,649.1909754887926,651.322265625,8810958,0.0,0.0
2020-07-07 00:00:00+05:30,655.9258036181499,679.4126080233551,652.6435859361666,677.0255737304688,19362533,0.0,0.0
2020-07-08 00:00:00+05:30,669.1397645634188,669.1397645634188,658.3128020027929,660.444091796875,8476642,0.0,0.0
2020-07-09 00:00:00+05:30,664.9623947081107,673.487553614625,660.6998152548535,666.4116821289062,6854166,0.0,0.0
2020-07-10 00:00:00+05:30,659.4211844341415,673.4024688864621,659.4211844341415,666.5396728515625,5206452,0.0,0.0
2020-07-13 00:00:00+05:30,671.7826044173664,686.573736125106,670.1201878195426,679.4978637695312,10804688,0.0,0.0
2020-07-14 00:00:00+05:30,676.0026316611227,687.468983269493,666.1134139771492,667.7332153320312,8961822,0.0,0.0
2020-07-15 00:00:00+05:30,681.160296262345,723.3172236279495,677.5797185911975,708.398193359375,30060599,0.0,0.0
2020-07-16 00:00:00+05:30,767.3495841598553,814.5789885034153,762.3623866762733,776.6420288085938,90432109,0.0,0.0
2020-07-17 00:00:00+05:30,776.6421203051116,784.2295339513297,760.5722136017504,769.9498901367188,31682878,0.0,0.0
2020-07-20 00:00:00+05:30,774.5107148612932,805.6275460032164,773.0188119983243,796.505615234375,18421053,0.0,0.0
2020-07-21 00:00:00+05:30,805.627555755542,809.6343910427079,792.1578144363707,798.5942993164062,12877784,0.0,0.0
2020-07-22 00:00:00+05:30,800.4698020313803,800.512417419017,775.7894567106554,782.5243530273438,14354201,0.0,0.0
2020-07-23 00:00:00+05:30,780.6061918107636,780.7340379735964,767.8184535210669,774.0418090820312,13051307,0.0,0.0
2020-07-24 00:00:00+05:30,770.0350319220125,789.2166407991177,770.0350319220125,786.7443237304688,18209580,0.0,0.0
2020-07-27 00:00:00+05:30,785.6361453920682,812.2772716127954,783.1638800988545,808.56884765625,16827870,0.0,0.0
2020-07-28 00:00:00+05:30,806.4801575675039,824.8518674521246,802.3880910647601,820.8450317382812,15818463,0.0,0.0
2020-07-29 00:00:00+05:30,812.6608764082735,818.4153594040835,804.4340762008848,813.4281616210938,11152710,0.0,0.0
2020-07-30 00:00:00+05:30,820.1203626343344,829.1996785226145,817.3496857335426,819.6514892578125,12492320,0.0,0.0
2020-07-31 00:00:00+05:30,826.3010723042933,840.9643568338954,812.7034326964146,823.5303955078125,12704346,0.0,0.0
2020-08-03 00:00:00+05:30,818.415300567361,823.0189074464298,807.7162359510077,815.7725219726562,8479792,0.0,0.0
2020-08-04 00:00:00+05:30,818.7990302264573,827.5373195212177,801.8339404408111,809.7623291015625,11133170,0.0,0.0
2020-08-05 00:00:00+05:30,811.5951821831875,819.2252103215355,799.9157032934003,805.371826171875,9614176,0.0,0.0
2020-08-06 00:00:00+05:30,812.8740888733759,830.6916959032787,803.4964119173118,827.6652221679688,10976491,0.0,0.0
2020-08-07 00:00:00+05:30,826.4716318133721,826.4716318133721,809.0376695187394,810.657470703125,8010948,0.0,0.0
2020-08-10 00:00:00+05:30,808.9523932066882,815.6872378870407,805.8833046142795,811.041015625,5716319,0.0,0.0
2020-08-11 00:00:00+05:30,809.8050063195817,820.1204295788674,806.5654037443816,808.56884765625,6802442,0.0,0.0
2020-08-12 00:00:00+05:30,808.1850506404202,817.3922116967243,803.2404689651308,814.1100463867188,6908726,0.0,0.0
2020-08-13 00:00:00+05:30,813.982122180381,825.6615997178214,808.3981537763802,810.9130859375,5097703,0.0,0.0
2020-08-14 00:00:00+05:30,814.8773894961097,820.9728996474734,811.6378391357582,812.959228515625,4663873,0.0,0.0
2020-08-17 00:00:00+05:30,813.3854824477792,829.0291820305367,813.3854824477792,816.2840576171875,9008210,0.0,0.0
2020-08-18 00:00:00+05:30,821.7402154117917,826.2585399271599,817.307121685347,824.8518676757812,6141761,0.0,0.0
2020-08-19 00:00:00+05:30,827.7078822917601,828.2619865232915,816.2415306172933,817.8186645507812,6622744,0.0,0.0
2020-08-20 00:00:00+05:30,817.4775744970283,823.1041590171701,810.9984219838175,814.2806396484375,5656501,0.0,0.0
2020-08-21 00:00:00+05:30,821.0154168532418,821.356444022367,806.9489046786,808.8670654296875,6513773,0.0,0.0
2020-08-24 00:00:00+05:30,807.3326788299753,811.595258971633,800.683064215679,807.6737060546875,5798574,0.0,0.0
2020-08-25 00:00:00+05:30,807.7588488291673,808.7392629683003,795.9088565131773,799.7451782226562,6233918,0.0,0.0
2020-08-26 00:00:00+05:30,802.4306267523615,813.5133339478789,800.0009771421063,810.5721435546875,5153601,0.0,0.0
2020-08-27 00:00:00+05:30,818.415336429356,819.22523701272,805.7981103994258,807.375244140625,6154280,0.0,0.0
2020-08-28 00:00:00+05:30,811.1263828117901,812.0215142318126,795.4400671303105,797.3156127929688,7593610,0.0,0.0
2020-08-31 00:00:00+05:30,797.31555322856,810.3164216452781,779.7110778050032,791.6463012695312,12808355,0.0,0.0
2020-09-01 00:00:00+05:30,789.6429373349267,797.1024522625171,777.5798152386446,779.3275146484375,6907773,0.0,0.0
2020-09-02 00:00:00+05:30,780.0520275165509,789.7707293284936,778.77325370095,787.7246704101562,5678118,0.0,0.0
2020-09-03 00:00:00+05:30,789.8560300980209,809.3786662262877,787.7247402164828,797.5712890625,8827948,0.0,0.0
2020-09-04 00:00:00+05:30,780.0521865014927,792.4136692384016,779.583313080231,783.5901489257812,8650342,0.0,0.0
2020-09-07 00:00:00+05:30,783.3769917778524,790.7512241325386,778.3897418395961,788.6199340820312,6700385,0.0,0.0
2020-09-08 00:00:00+05:30,792.7972459130488,811.5952128631155,789.0461547881181,800.7682495117188,12891964,0.0,0.0
2020-09-09 00:00:00+05:30,797.1024326827127,806.4801083613328,789.4297889456599,790.9216918945312,5528947,0.0,0.0
2020-09-10 00:00:00+05:30,797.3582028166012,803.070070411996,788.4067848343019,801.4076538085938,5171884,0.0,0.0
2020-09-11 00:00:00+05:30,797.0170824659814,813.4280124443884,793.6922498647732,806.2242431640625,6671903,0.0,0.0
2020-09-14 00:00:00+05:30,815.8578211522744,844.885980871222,808.4409214623822,834.1016845703125,21871587,0.0,0.0
2020-09-15 00:00:00+05:30,835.0394496343016,847.4009320433852,828.3472196262118,837.5543823242188,11608203,0.0,0.0
2020-09-16 00:00:00+05:30,840.5807469984169,857.3327066338223,837.1706831160703,854.0078735351562,10059251,0.0,0.0
2020-09-17 00:00:00+05:30,848.2533606766004,870.4187751264412,848.2533606766004,861.8936157226562,15628241,0.0,0.0
2020-09-18 00:00:00+05:30,861.8936222694053,868.5432362481778,851.748661688465,854.348876953125,12897633,0.0,0.0
2020-09-21 00:00:00+05:30,853.3684588765447,878.943937164553,852.9422009050778,860.9558715820312,14140637,0.0,0.0
2020-09-22 00:00:00+05:30,860.1886250460414,871.6975907924453,845.0138509871017,858.9098510742188,12625762,0.0,0.0
2020-09-23 00:00:00+05:30,869.6942987293261,884.0591738458415,859.421438351511,869.353271484375,13486204,0.0,0.0
2020-09-24 00:00:00+05:30,855.073549238675,860.1886452460848,826.9405211979209,831.5441284179688,14427432,0.0,0.0
2020-09-25 00:00:00+05:30,831.885067766525,865.2184731991076,831.2030654016025,862.2772827148438,13311078,0.0,0.0
2020-09-28 00:00:00+05:30,865.1332413934064,866.2841692334301,851.2372407591603,861.3822021484375,8554526,0.0,0.0
2020-09-29 00:00:00+05:30,867.8612422281498,876.3864017785245,856.0112496397511,860.1885986328125,8708463,0.0,0.0
2020-09-30 00:00:00+05:30,860.188642369882,872.9337669524186,856.7785783763444,859.5492553710938,8048817,0.0,0.0
2020-10-01 00:00:00+05:30,870.0777466044478,875.1076114583554,862.5330013570299,867.5628662109375,5563358,0.0,0.0
2020-10-05 00:00:00+05:30,867.9039235150535,899.3191700634624,867.9039235150535,894.0335083007812,14212509,0.0,0.0
2020-10-06 00:00:00+05:30,899.4042532268419,903.6668326260212,879.2422318553475,900.0436401367188,9090819,0.0,0.0
2020-10-07 00:00:00+05:30,890.7939246516647,913.8970857638473,882.7802540190894,909.2509155273438,9284008,0.0,0.0
2020-10-08 00:00:00+05:30,929.2424000428591,958.2279427964896,927.8783953148898,932.3966674804688,21482613,0.0,0.0
2020-10-09 00:00:00+05:30,933.5901377975102,949.1059895598183,927.9208862702608,943.5646362304688,10567867,0.0,0.0
2020-10-12 00:00:00+05:30,957.3755474213684,971.8683206236509,948.0831014371125,965.1334228515625,14633537,0.0,0.0
2020-10-13 00:00:00+05:30,968.0745494893155,994.0762865240634,968.0745494893155,987.0430297851562,17523825,0.0,0.0
2020-10-14 00:00:00+05:30,990.6235060612152,993.0958230601151,964.2807431331294,969.3106079101562,16649573,0.0,0.0
2020-10-15 00:00:00+05:30,1005.9689293191688,1011.0840255699442,931.3737756620269,944.8009033203125,44288251,0.0,0.0
2020-10-16 00:00:00+05:30,949.5749277546903,968.41551058036,935.1248231514991,961.2117919921875,18365685,0.0,0.0
2020-10-19 00:00:00+05:30,967.6057761081548,971.0158405173465,950.8112505196483,959.847900390625,12902123,0.0,0.0
2020-10-20 00:00:00+05:30,953.880041804104,975.8748891338935,946.292629635989,969.73681640625,10448776,0.0,0.0
2020-10-21 00:00:00+05:30,972.8486209724251,984.1017901611614,967.6056269381925,978.9866943359375,19811433,0.0,0.0
2020-10-22 00:00:00+05:30,973.5731199031957,987.2133737722422,958.0573727539066,962.5330810546875,11271335,0.0,0.0
2020-10-23 00:00:00+05:30,976.2769499712903,978.000298514929,965.2044566153816,967.2293701171875,9069862,12.0,0.0
2020-10-26 00:00:00+05:30,967.0138459886165,973.3471301581686,950.555890230411,958.5693969726562,6309368,0.0,0.0
2020-10-27 00:00:00+05:30,952.7530542944182,956.1997508535874,928.1523207142468,939.9572143554688,10172479,0.0,0.0
2020-10-28 00:00:00+05:30,943.9640595330724,951.934545658751,922.0344938341937,927.6353759765625,7608392,0.0,0.0
2020-10-29 00:00:00+05:30,921.9913116962749,932.3314011732425,913.4607168408107,926.17041015625,6935616,0.0,0.0
2020-10-30 00:00:00+05:30,923.7147698060699,933.7101697856597,906.7828502367421,913.8916625976562,8800386,0.0,0.0
2020-11-02 00:00:00+05:30,917.6829423850463,930.5649284694773,905.7056510202381,923.9732055664062,7183119,0.0,0.0
2020-11-03 00:00:00+05:30,923.7146779620905,930.0910876342429,911.2204029336852,915.5718994140625,7204782,0.0,0.0
2020-11-04 00:00:00+05:30,920.2680748764902,961.6284377922875,919.2341078775322,942.6284790039062,15702690,0.0,0.0
2020-11-05 00:00:00+05:30,956.3721676047122,967.6600780210633,946.9798982592597,951.2882690429688,9568890,0.0,0.0
2020-11-06 00:00:00+05:30,954.7351110968742,966.0230232326201,940.6897781286392,958.8280639648438,8807127,0.0,0.0
2020-11-09 00:00:00+05:30,973.0888596637086,987.4787788522738,966.0661928609035,979.3359985351562,10160320,0.0,0.0
2020-11-10 00:00:00+05:30,959.7758711207026,959.7758711207026,928.8848693683806,940.1297607421875,15622869,0.0,0.0
2020-11-11 00:00:00+05:30,944.3950019139754,970.5467950267223,936.6399334676015,967.2293701171875,12514800,0.0,0.0
2020-11-12 00:00:00+05:30,972.0545980151975,984.0318898657669,959.6895948668982,963.1362915039062,9180976,0.0,0.0
2020-11-13 00:00:00+05:30,965.0751630445524,976.2769283298909,962.4901402863973,968.6941528320312,6363212,0.0,0.0
2020-11-14 00:00:00+05:30,979.7232912686417,982.0067482966871,974.6393938741732,976.664306640625,1136144,0.0,0.0
2020-11-17 00:00:00+05:30,986.4015905696144,986.61700913056,958.7418683811762,968.2633056640625,12813968,0.0,0.0
2020-11-18 00:00:00+05:30,972.3993216197281,976.0183111371115,949.0909927493254,956.9323120117188,9839468,0.0,0.0
2020-11-19 00:00:00+05:30,947.8416399393806,960.5082088719068,942.4993018609314,945.0411987304688,10092343,0.0,0.0
2020-11-20 00:00:00+05:30,953.0116069414402,955.5966293834152,940.1726411093314,950.7281494140625,8063554,0.0,0.0
2020-11-23 00:00:00+05:30,952.1498779511036,986.4445491132277,949.5217298792085,982.17919921875,10546363,0.0,0.0
2020-11-24 00:00:00+05:30,986.6169296595351,995.1475250228161,976.5784044910976,982.3516845703125,8515426,0.0,0.0
2020-11-25 00:00:00+05:30,979.7235042106132,985.3243861608058,957.5353949463887,961.3267822265625,8958701,0.0,0.0
2020-11-26 00:00:00+05:30,965.0321220292701,965.0321220292701,946.376956967069,959.2158203125,10962256,0.0,0.0
2020-11-27 00:00:00+05:30,963.3518113014916,965.9368340509589,940.0866065562856,947.8416748046875,25306145,0.0,0.0
2020-12-01 00:00:00+05:30,952.1932607989286,982.5241551524058,952.1932607989286,980.4561157226562,8933802,0.0,0.0
2020-12-02 00:00:00+05:30,977.1384728190003,988.7279479050462,965.9367090212515,983.0840454101562,6741637,0.0,0.0
2020-12-03 00:00:00+05:30,988.3403206566016,988.3403206566016,967.4015952418151,970.6328735351562,16212632,0.0,0.0
2020-12-04 00:00:00+05:30,969.3835527349871,979.7236439641604,960.7668100440095,977.69873046875,10564055,0.0,0.0
2020-12-07 00:00:00+05:30,988.5987444990683,993.5102448323746,978.8617850213161,985.3243408203125,7792141,0.0,0.0
2020-12-08 00:00:00+05:30,986.6168101307302,1005.5736396703599,986.6168101307302,993.811767578125,12308330,0.0,0.0
2020-12-09 00:00:00+05:30,1006.4784576979126,1016.3445839035037,996.9569169786806,1012.6393432617188,10039346,0.0,0.0
2020-12-10 00:00:00+05:30,997.3019064235319,1009.5807658211114,990.9254952432563,1006.22021484375,9488782,0.0,0.0
2020-12-11 00:00:00+05:30,999.283517771269,1009.8390266167494,995.4491096931723,1002.2993774414062,10574009,0.0,0.0
2020-12-14 00:00:00+05:30,1007.6418062519265,1010.399121551592,989.3742505409245,1003.4627075195312,6728187,0.0,0.0
2020-12-15 00:00:00+05:30,996.0953419274529,1002.7301909718936,992.6486452425828,994.8889770507812,6905926,0.0,0.0
2020-12-16 00:00:00+05:30,999.5420514808553,1007.2109727403913,994.027315677097,1004.4535522460938,7788404,0.0,0.0
2020-12-17 00:00:00+05:30,1004.6261253773964,1007.2111483750988,996.2678212405788,998.8528442382812,6658153,0.0,0.0
2020-12-18 00:00:00+05:30,1019.2312721039293,1029.7006343182745,1012.9841343643415,1025.219970703125,15995676,0.0,0.0
2020-12-21 00:00:00+05:30,1023.6687839483093,1042.4101947655447,992.6916435450144,1014.4489135742188,10858352,0.0,0.0
2020-12-22 00:00:00+05:30,1018.4990020339384,1054.5600497238047,1013.415102729625,1051.6734619140625,10901851,0.0,0.0
2020-12-23 00:00:00+05:30,1066.7524666862673,1084.718349470312,1060.3330371311058,1079.720703125,15878346,0.0,0.0
2020-12-24 00:00:00+05:30,1077.0065537760643,1077.0065537760643,1056.4125203121318,1065.0723876953125,7313885,0.0,0.0
2020-12-28 00:00:00+05:30,1067.1404376231014,1075.3694688214343,1065.0293777750744,1068.734619140625,4607051,0.0,0.0
2020-12-29 00:00:00+05:30,1064.1676607314378,1080.9271822212474,1064.1676607314378,1077.351318359375,6878105,0.0,0.0
2020-12-30 00:00:00+05:30,1079.6777872573402,1079.9363315947858,1066.881946250596,1074.33544921875,5194690,0.0,0.0
2020-12-31 00:00:00+05:30,1071.0609827602664,1084.3307858845285,1067.6142861142157,1082.0904541015625,7430470,0.0,0.0
2021-01-01 00:00:00+05:30,1083.9000837645226,1090.4487871704575,1082.0905888370053,1086.0972900390625,4253550,0.0,0.0
2021-01-04 00:00:00+05:30,1093.464770408318,1111.559932093562,1086.7006476724725,1110.052001953125,7208454,0.0,0.0
2021-01-05 00:00:00+05:30,1104.666187996577,1119.3146475877952,1098.6775951199797,1114.833984375,8145280,0.0,0.0
2021-01-06 00:00:00+05:30,1120.1764302130741,1121.8997785672482,1092.6459823290795,1104.75244140625,7161715,0.0,0.0
2021-01-07 00:00:00+05:30,1116.7297849912563,1118.151568485968,1081.8319792102795,1087.5621337890625,10954918,0.0,0.0
2021-01-08 00:00:00+05:30,1101.435011419496,1134.6525928560131,1101.435011419496,1130.6026611328125,13186251,0.0,0.0
2021-01-11 00:00:00+05:30,1156.452988712158,1191.997051488517,1154.6434938259667,1185.8360595703125,20528626,0.0,0.0
2021-01-12 00:00:00+05:30,1187.386928051531,1187.386928051531,1171.876794013122,1182.00146484375,8309868,0.0,0.0
2021-01-13 00:00:00+05:30,1183.8110536129677,1200.139842468759,1171.8768872321662,1195.2713623046875,14442997,0.0,0.0
2021-01-14 00:00:00+05:30,1171.8769809148123,1192.5571629309559,1136.0743737254254,1180.924560546875,27521697,0.0,0.0
2021-01-15 00:00:00+05:30,1171.8769303937345,1175.7113385699836,1154.6434461232384,1158.90869140625,15018441,0.0,0.0
2021-01-18 00:00:00+05:30,1152.9202206039013,1154.6435692146695,1125.3466428316106,1130.559814453125,8861765,0.0,0.0
2021-01-19 00:00:00+05:30,1137.4099028583078,1146.8883187154604,1130.5165095076513,1134.5233154296875,5585744,0.0,0.0
2021-01-20 00:00:00+05:30,1137.8839961542835,1161.8816034699987,1137.8839961542835,1154.1695556640625,8225838,0.0,0.0
2021-01-21 00:00:00+05:30,1163.2601740602263,1172.7817160773957,1150.3350610151126,1154.3848876953125,6142421,0.0,0.0
2021-01-22 00:00:00+05:30,1143.441566797093,1168.4301164859517,1143.053855513784,1155.375732421875,9646591,0.0,0.0
2021-01-25 00:00:00+05:30,1158.9519046092023,1161.4507810538796,1131.378327696567,1141.8045654296875,6542611,0.0,0.0
2021-01-27 00:00:00+05:30,1137.0652043305388,1143.9155770365226,1107.3374457103669,1121.0380859375,8133665,0.0,0.0
2021-01-28 00:00:00+05:30,1113.1106572941733,1117.117357757531,1096.523430677832,1099.66845703125,4660690,0.0,0.0
2021-01-29 00:00:00+05:30,1108.3283245723426,1112.550548750536,1060.720829969721,1067.6573486328125,12183519,0.0,0.0
2021-02-01 00:00:00+05:30,1077.566678701436,1101.176466884617,1069.3376482785413,1086.4849853515625,8880279,0.0,0.0
2021-02-02 00:00:00+05:30,1102.9429695181907,1115.351098962238,1088.8114916842712,1095.4033203125,6892490,0.0,0.0
2021-02-03 00:00:00+05:30,1100.9179880401161,1123.6230806340604,1096.911182244754,1106.94970703125,8182968,0.0,0.0
2021-02-04 00:00:00+05:30,1107.2514151368716,1114.489499899249,1096.0927756341387,1102.3829345703125,5032240,0.0,0.0
2021-02-05 00:00:00+05:30,1108.4576020295785,1110.4825151618702,1087.4327325969195,1096.1356201171875,5477481,0.0,0.0
2021-02-08 00:00:00+05:30,1107.682211859104,1128.7932302881572,1099.0654696431639,1123.2354736328125,6921922,0.0,0.0
2021-02-09 00:00:00+05:30,1126.1219793119321,1147.7499796635198,1118.3237860998943,1124.958740234375,7965949,0.0,0.0
2021-02-10 00:00:00+05:30,1116.5575146413062,1123.924766232091,1106.0450258741864,1117.16064453125,5951207,0.0,0.0
2021-02-11 00:00:00+05:30,1110.6978861575487,1116.729604701461,1105.570967469153,1113.843017578125,4673317,0.0,0.0
2021-02-12 00:00:00+05:30,1124.485014839865,1140.6414087312423,1121.5122804377938,1128.62109375,5797875,0.0,0.0
2021-02-15 00:00:00+05:30,1137.4097605729255,1144.6478437226267,1126.2941441485439,1128.491455078125,4363513,0.0,0.0
2021-02-16 00:00:00+05:30,1132.2399092154096,1137.194535910987,1108.113031393468,1111.9044189453125,6896421,0.0,0.0
2021-02-17 00:00:00+05:30,1111.9043239367195,1115.4371668503802,1098.6345212315448,1104.0631103515625,4575741,0.0,0.0
2021-02-18 00:00:00+05:30,1099.4962778682911,1125.3465038369814,1098.6346036693349,1113.6707763671875,6437551,0.0,0.0
2021-02-19 00:00:00+05:30,1116.816027195596,1119.7457408210937,1100.1857764951576,1112.6800537109375,5389696,0.0,0.0
2021-02-22 00:00:00+05:30,1115.8681194822566,1127.543847285139,1085.7095216584119,1090.190185546875,7371303,0.0,0.0
2021-02-23 00:00:00+05:30,1095.3172307680072,1112.42144338809,1083.5984821457366,1091.18115234375,6612942,0.0,0.0
2021-02-24 00:00:00+05:30,1085.7528779885763,1100.0135263052894,1078.8163569422782,1098.03173828125,4537258,0.0,0.0
2021-02-25 00:00:00+05:30,1110.2238892661567,1119.9608481192715,1096.049393196933,1098.2467041015625,8788221,0.0,0.0
2021-02-26 00:00:00+05:30,1093.4645216914641,1098.0314368662373,1072.5689230697005,1079.936279296875,15132388,0.0,0.0
2021-03-01 00:00:00+05:30,1088.5530584727862,1106.820509431112,1084.8478173404203,1091.7412109375,5756286,0.0,0.0
2021-03-02 00:00:00+05:30,1104.8818247785234,1128.7932855994275,1102.253676199945,1124.0540771484375,10461434,0.0,0.0
2021-03-03 00:00:00+05:30,1136.7205420391444,1160.6751264405077,1127.0698332473528,1157.702392578125,9056399,0.0,0.0
2021-03-04 00:00:00+05:30,1150.3349306267892,1175.194207528837,1142.4937173051749,1146.328125,12041941,0.0,0.0
2021-03-05 00:00:00+05:30,1144.7342041454772,1154.6434577003683,1124.5279857096573,1134.56640625,6486176,0.0,0.0
2021-03-08 00:00:00+05:30,1141.5460327392925,1159.8996302572925,1134.9972246111543,1150.9813232421875,5119392,0.0,0.0
2021-03-09 00:00:00+05:30,1145.5957474208333,1163.6477782378126,1136.332750591368,1159.4256591796875,6518173,0.0,0.0
2021-03-10 00:00:00+05:30,1169.2057017251611,1183.9403089878242,1167.568499766013,1178.8995361328125,7925984,0.0,0.0
2021-03-12 00:00:00+05:30,1183.0785313845056,1199.1917948727676,1180.536634880443,1184.672607421875,9462061,0.0,0.0
2021-03-15 00:00:00+05:30,1180.493696929162,1189.0242928563487,1170.5844432688077,1183.595703125,6658635,0.0,0.0
2021-03-16 00:00:00+05:30,1194.323480892539,1211.513837869457,1189.5411473533322,1192.5570068359375,9352771,0.0,0.0
2021-03-17 00:00:00+05:30,1199.6660018293824,1206.3439774186643,1190.8338405661386,1195.1422119140625,7626744,0.0,0.0
2021-03-18 00:00:00+05:30,1200.9583948470276,1200.9583948470276,1131.8090415293782,1152.14453125,10961755,0.0,0.0
2021-03-19 00:00:00+05:30,1146.026633655761,1167.740780430042,1135.6865437280399,1158.477783203125,12767112,0.0,0.0
2021-03-22 00:00:00+05:30,1163.3465055872327,1185.6638920338526,1151.2830648252602,1181.1832275390625,4862758,0.0,0.0
2021-03-23 00:00:00+05:30,1182.6047683710906,1191.910892235116,1171.5322754263343,1181.829345703125,7165335,0.0,0.0
2021-03-24 00:00:00+05:30,1170.024053401806,1180.8811250760614,1160.0286557522506,1166.4912109375,6134303,0.0,0.0
2021-03-25 00:00:00+05:30,1160.4595403235624,1165.4141661686415,1143.958461037334,1149.3009033203125,8749994,0.0,0.0
2021-03-26 00:00:00+05:30,1158.6932492202639,1169.0333395716661,1147.750029005632,1151.3690185546875,4922071,0.0,0.0
2021-03-30 00:00:00+05:30,1160.5891749583507,1206.3440607988207,1151.326175920074,1193.677490234375,10546381,0.0,0.0
2021-03-31 00:00:00+05:30,1190.83366672419,1196.0037115869577,1174.7204023091629,1178.8133544921875,8220987,0.0,0.0
2021-04-01 00:00:00+05:30,1189.1104006694657,1199.1058003917483,1181.3553328390126,1193.591064453125,5675155,0.0,0.0
2021-04-05 00:00:00+05:30,1198.5888478178297,1227.885771488431,1195.142150915406,1214.87451171875,9479572,0.0,0.0
2021-04-06 00:00:00+05:30,1226.162689818659,1228.7477130579111,1211.9019362081713,1215.86572265625,5793571,0.0,0.0
2021-04-07 00:00:00+05:30,1215.17609607656,1236.4594077151494,1212.030964065878,1232.366455078125,5879234,0.0,0.0
2021-04-08 00:00:00+05:30,1232.1940491134949,1250.8923363163185,1224.4389816715218,1240.6815185546875,5654434,0.0,0.0
2021-04-09 00:00:00+05:30,1253.7360117447722,1253.7360117447722,1232.23728165855,1241.7156982421875,6052712,0.0,0.0
2021-04-12 00:00:00+05:30,1270.1077622934201,1273.166747756868,1219.2689848339141,1228.531982421875,20384532,0.0,0.0
2021-04-13 00:00:00+05:30,1234.7793092156335,1236.7180764492239,1184.8021983053009,1203.8883056640625,14855206,0.0,0.0
2021-04-15 00:00:00+05:30,1148.0086039057906,1177.3916737330917,1137.4099689394636,1172.523193359375,25342491,0.0,0.0
2021-04-16 00:00:00+05:30,1176.185043715374,1181.2258157229048,1160.330220623932,1166.4912109375,10879878,0.0,0.0
2021-04-19 00:00:00+05:30,1154.6434235411007,1188.851847075062,1148.0515948995885,1174.07421875,12508028,0.0,0.0
2021-04-20 00:00:00+05:30,1188.248651092987,1188.248651092987,1156.7113982865865,1164.42333984375,8560766,0.0,0.0
2021-04-22 00:00:00+05:30,1168.0425211701513,1176.013007638109,1159.0810883205606,1164.2080078125,6622446,0.0,0.0
2021-04-23 00:00:00+05:30,1157.2282625985106,1161.8813235595494,1146.8881738783452,1149.3009033203125,7316262,0.0,0.0
2021-04-26 00:00:00+05:30,1147.9654322200197,1164.380367507534,1138.271597645071,1157.702392578125,7088606,0.0,0.0
2021-04-27 00:00:00+05:30,1159.813222192772,1165.8449402873853,1154.7724502506655,1161.9674072265625,3636115,0.0,0.0
2021-04-28 00:00:00+05:30,1170.1535241231102,1171.4460353795055,1158.6070691956795,1168.43017578125,4879234,0.0,0.0
2021-04-29 00:00:00+05:30,1178.7700910224162,1179.6317650655612,1164.4663229431724,1168.7315673828125,5412357,0.0,0.0
2021-04-30 00:00:00+05:30,1160.0718873604987,1183.854071574896,1159.7271966822093,1167.00830078125,8354677,0.0,0.0
2021-05-03 00:00:00+05:30,1155.332655796906,1172.7384302483372,1152.9199262838172,1165.0264892578125,4560337,0.0,0.0
2021-05-04 00:00:00+05:30,1166.706806746648,1167.5253551205797,1140.9427284558226,1145.5096435546875,4887060,0.0,0.0
2021-05-05 00:00:00+05:30,1155.5911003428744,1158.003829867303,1144.1308980639017,1155.935791015625,3939788,0.0,0.0
2021-05-06 00:00:00+05:30,1158.9516028318233,1175.926539624651,1152.4029010572472,1173.25537109375,4810090,0.0,0.0
2021-05-07 00:00:00+05:30,1176.4437427207686,1183.1217172904696,1161.967575128,1165.4573974609375,4991435,0.0,0.0
2021-05-10 00:00:00+05:30,1163.1307956034163,1165.7589437563593,1150.3780816751782,1154.255615234375,7195348,0.0,0.0
2021-05-11 00:00:00+05:30,1151.972133083135,1155.5049758799562,1141.804336560745,1146.586669921875,6420988,0.0,0.0
2021-05-12 00:00:00+05:30,1146.0266729612142,1146.0266729612142,1132.6707230131701,1143.441650390625,5241898,0.0,0.0
2021-05-14 00:00:00+05:30,1143.3124370755465,1143.3124370755465,1129.9134658392018,1134.3079833984375,4824609,0.0,0.0
2021-05-17 00:00:00+05:30,1137.6684297752622,1150.2918720076307,1137.6684297752622,1145.5096435546875,5017129,0.0,0.0
2021-05-18 00:00:00+05:30,1152.9200842102962,1158.6071129160698,1145.5958534810081,1154.6434326171875,5620150,0.0,0.0
2021-05-19 00:00:00+05:30,1156.3665978739132,1169.6794201346727,1148.8269497879246,1152.0582275390625,4435878,0.0,0.0
2021-05-20 00:00:00+05:30,1161.88137438498,1162.4845041794445,1150.334920438742,1154.0401611328125,4490092,0.0,0.0
2021-05-21 00:00:00+05:30,1161.10597595688,1169.7227178934802,1160.1150295972031,1167.1376953125,4969733,0.0,0.0
2021-05-24 00:00:00+05:30,1168.9903331930352,1174.461943366911,1159.037954034809,1161.5799560546875,4225371,0.0,0.0
2021-05-25 00:00:00+05:30,1170.153365535774,1178.7701060772745,1167.094380569613,1173.25537109375,4099340,0.0,0.0
2021-05-26 00:00:00+05:30,1178.6841271197163,1206.343847149535,1173.6433542239515,1203.9742431640625,6850024,0.0,0.0
2021-05-27 00:00:00+05:30,1209.9629375542268,1220.346154321598,1199.1920094490051,1208.28271484375,15365391,0.0,0.0
2021-05-28 00:00:00+05:30,1214.7450164723891,1218.4071312587043,1202.983144415848,1210.6951904296875,4261312,0.0,0.0
2021-05-31 00:00:00+05:30,1220.667883136561,1220.667883136561,1204.5548928846692,1213.9178466796875,4429904,15.0,0.0
2021-06-01 00:00:00+05:30,1219.361626449695,1220.2325990400163,1200.7663829103165,1208.213134765625,4791325,0.0,0.0
2021-06-02 00:00:00+05:30,1202.5952563024946,1212.3501055873878,1188.877439690679,1200.7662353515625,9272276,0.0,0.0
2021-06-03 00:00:00+05:30,1208.9967520267799,1218.4903723317955,1199.3725709192988,1210.3468017578125,5115645,0.0,0.0
2021-06-04 00:00:00+05:30,1214.0920448950565,1216.6614775007154,1199.895257275533,1206.863037109375,4194328,0.0,0.0
2021-06-07 00:00:00+05:30,1211.5225932191047,1212.393565608191,1199.5903140165703,1210.3468017578125,5154576,0.0,0.0
2021-06-08 00:00:00+05:30,1215.8776827694026,1238.305225986675,1215.485787648902,1230.640625,7360630,0.0,0.0
2021-06-09 00:00:00+05:30,1231.0326308810106,1241.1358912581513,1223.3680298666877,1232.6875,5394317,0.0,0.0
2021-06-10 00:00:00+05:30,1240.2649108243102,1244.619773572991,1235.9100480756292,1240.5262451171875,3496575,0.0,0.0
2021-06-11 00:00:00+05:30,1245.577823696013,1264.3037335391286,1245.011670273987,1260.210205078125,6140828,0.0,0.0
2021-06-14 00:00:00+05:30,1281.2006492490314,1286.426484664051,1265.9150381321408,1273.187744140625,7132294,0.0,0.0
2021-06-15 00:00:00+05:30,1275.103669819977,1285.5553392447312,1274.2326973679144,1283.726318359375,5403104,0.0,0.0
2021-06-16 00:00:00+05:30,1282.6810640692133,1297.2698523733502,1278.1520499296114,1289.561767578125,7661710,0.0,0.0
2021-06-17 00:00:00+05:30,1284.771285070376,1308.7666157072722,1284.771285070376,1302.364990234375,7677951,0.0,0.0
2021-06-18 00:00:00+05:30,1314.2973860242691,1320.2200410273454,1295.4844029554913,1309.3328857421875,13533974,0.0,0.0
2021-06-21 00:00:00+05:30,1300.3619509541468,1311.5104415545813,1292.6973503763622,1306.7200927734375,5454052,0.0,0.0
2021-06-22 00:00:00+05:30,1314.907051074631,1325.1409772519048,1308.2876817899016,1316.7796630859375,6427862,0.0,0.0
2021-06-23 00:00:00+05:30,1328.2332451261002,1328.2332451261002,1305.2831378595408,1309.2025146484375,5529809,0.0,0.0
2021-06-24 00:00:00+05:30,1321.2653858939264,1366.3382162960427,1316.2137024706592,1358.0203857421875,10785137,0.0,0.0
2021-06-25 00:00:00+05:30,1369.1687419344182,1374.3945768272977,1343.9105399521675,1371.0848388671875,9780240,0.0,0.0
2021-06-28 00:00:00+05:30,1369.9526773998857,1376.2672280750623,1359.239673036804,1368.99462890625,5019178,0.0,0.0
2021-06-29 00:00:00+05:30,1359.5881210099008,1370.605944791992,1358.020327926008,1361.3736572265625,5913567,0.0,0.0
2021-06-30 00:00:00+05:30,1369.2124860237218,1385.7173738759964,1369.2124860237218,1376.83349609375,6058722,0.0,0.0
2021-07-01 00:00:00+05:30,1373.3928839350976,1373.3928839350976,1357.8896381461875,1359.0654296875,4814317,0.0,0.0
2021-07-02 00:00:00+05:30,1357.8025504266625,1366.9477617714929,1343.562171167975,1365.5107421875,5166064,0.0,0.0
2021-07-05 00:00:00+05:30,1366.686700133426,1380.4915948176224,1359.6318432156881,1375.22216796875,4058338,0.0,0.0
2021-07-06 00:00:00+05:30,1370.6494852954324,1382.015719815571,1356.1913619563304,1360.63330078125,4089574,0.0,0.0
2021-07-07 00:00:00+05:30,1363.9866068041097,1367.9059832858584,1345.347772938037,1362.7236328125,4797120,0.0,0.0
2021-07-08 00:00:00+05:30,1365.684912101554,1372.6526922653372,1349.1364342125682,1359.370361328125,3326813,0.0,0.0
2021-07-09 00:00:00+05:30,1355.2333100346107,1367.3398499422146,1350.8784472131626,1361.2430419921875,3436594,0.0,0.0
2021-07-12 00:00:00+05:30,1367.9059052074665,1374.3946078178155,1335.854074613799,1348.134765625,4588982,0.0,0.0
2021-07-13 00:00:00+05:30,1355.581708354052,1355.581708354052,1338.0751812303984,1345.6090087890625,4456160,0.0,0.0
2021-07-14 00:00:00+05:30,1353.49111210628,1378.5751598006777,1339.642629656662,1373.4364013671875,5657716,0.0,0.0
2021-07-15 00:00:00+05:30,1356.8882027607826,1390.8125422016935,1355.2333335958833,1376.83349609375,10021355,0.0,0.0
2021-07-16 00:00:00+05:30,1370.6929898779226,1371.4768864021955,1349.6589824626813,1354.754150390625,6265593,0.0,0.0
2021-07-19 00:00:00+05:30,1345.3912379284575,1352.5332765373414,1339.1638693330044,1342.7783203125,5669162,0.0,0.0
2021-07-20 00:00:00+05:30,1339.8170980665798,1356.7138802520703,1339.5557637771587,1350.051025390625,5069939,0.0,0.0
2021-07-22 00:00:00+05:30,1359.936562140339,1387.3286063361954,1359.936562140339,1385.0205078125,7854575,0.0,0.0
2021-07-23 00:00:00+05:30,1383.5835184231282,1392.2496529655537,1380.5351144285212,1385.23828125,4179719,0.0,0.0
2021-07-26 00:00:00+05:30,1388.4171860985402,1403.7027953972172,1388.4171860985402,1396.9527587890625,4586710,0.0,0.0
2021-07-27 00:00:00+05:30,1397.9110620813844,1401.6562868940487,1391.727177712481,1395.7772216796875,5892859,0.0,0.0
2021-07-28 00:00:00+05:30,1397.9981074473674,1400.1755389605307,1380.927065648147,1398.43359375,4686788,0.0,0.0
2021-07-29 00:00:00+05:30,1393.643092143495,1410.9754663584183,1393.643092143495,1408.362548828125,4660873,0.0,0.0
2021-07-30 00:00:00+05:30,1402.2656856372244,1413.9367380735853,1398.9124628703291,1402.701171875,6234257,0.0,0.0
2021-08-02 00:00:00+05:30,1417.4640841166172,1423.8222255873973,1410.2785613387637,1421.03515625,5553389,0.0,0.0
2021-08-03 00:00:00+05:30,1434.4917348838053,1444.638585966481,1424.562626930286,1441.6336669921875,5513668,0.0,0.0
2021-08-04 00:00:00+05:30,1453.7401991220645,1463.146744783546,1427.5675389174712,1436.451416015625,6740391,0.0,0.0
2021-08-05 00:00:00+05:30,1436.6690522625252,1451.0400976473882,1434.5352122939364,1440.196533203125,5420536,0.0,0.0
2021-08-06 00:00:00+05:30,1443.2013416786763,1446.380412367593,1431.8786998912153,1437.2786865234375,3754855,0.0,0.0
2021-08-09 00:00:00+05:30,1446.6854412607183,1452.3031718189327,1433.9692629808042,1448.688720703125,5018477,0.0,0.0
2021-08-10 00:00:00+05:30,1452.782006038996,1463.2336751471903,1446.7287902084508,1460.8385009765625,6846517,0.0,0.0
2021-08-11 00:00:00+05:30,1458.7049230554317,1466.7178282829386,1452.7822669690863,1461.10009765625,4899639,0.0,0.0
2021-08-12 00:00:00+05:30,1462.4933514969034,1477.6047016288974,1458.0078222969491,1471.594970703125,5659579,0.0,0.0
2021-08-13 00:00:00+05:30,1478.0403134331104,1500.2501118966013,1473.0758127751071,1491.279052734375,5612790,0.0,0.0
2021-08-16 00:00:00+05:30,1487.359863555825,1498.0292778847625,1472.030767090066,1484.4857177734375,4564109,0.0,0.0
2021-08-17 00:00:00+05:30,1484.0502278544795,1523.2439946815073,1468.9388745751494,1516.929443359375,9510390,0.0,0.0
2021-08-18 00:00:00+05:30,1505.9114463640587,1528.9922175200145,1504.1695013711565,1509.7872314453125,6686090,0.0,0.0
2021-08-20 00:00:00+05:30,1494.676061625354,1519.8471910971896,1494.676061625354,1509.3519287109375,6206972,0.0,0.0
2021-08-23 00:00:00+05:30,1511.790524868996,1526.9454677131089,1508.5243779767254,1514.4034423828125,6189051,0.0,0.0
2021-08-24 00:00:00+05:30,1524.201733492807,1530.2985404267783,1491.7144197309817,1498.8128662109375,7602939,0.0,0.0
2021-08-25 00:00:00+05:30,1496.3307234273852,1521.5018494102508,1496.3307234273852,1511.6163330078125,6153253,0.0,0.0
2021-08-26 00:00:00+05:30,1510.2662216732501,1520.7178910273901,1498.0726074267532,1504.779052734375,5302248,0.0,0.0
2021-08-27 00:00:00+05:30,1502.4277064883427,1504.7792899357576,1485.1824068076487,1488.3179931640625,6698514,0.0,0.0
2021-08-30 00:00:00+05:30,1483.3098187310713,1496.8969690174113,1472.2919948958422,1478.9549560546875,6559667,0.0,0.0
2021-08-31 00:00:00+05:30,1480.783933076624,1493.7178535768544,1468.3289836646177,1486.27099609375,12255438,0.0,0.0
2021-09-01 00:00:00+05:30,1488.927299134583,1488.927299134583,1457.26747405545,1461.27392578125,7801974,0.0,0.0
2021-09-02 00:00:00+05:30,1460.9256195979472,1475.688666436114,1448.122367094647,1471.1595458984375,6830050,0.0,0.0
2021-09-03 00:00:00+05:30,1477.212786491816,1485.835328224775,1467.0659367338824,1481.21923828125,5339139,0.0,0.0
2021-09-06 00:00:00+05:30,1485.1386831091097,1508.5242719501346,1480.0870004095007,1507.1307373046875,4876026,0.0,0.0
2021-09-07 00:00:00+05:30,1506.7823763845429,1511.0501627608223,1484.13709211518,1486.4451904296875,3520341,0.0,0.0
2021-09-08 00:00:00+05:30,1481.393539587416,1481.393539587416,1465.8031107394431,1474.774169921875,4584896,0.0,0.0
2021-09-09 00:00:00+05:30,1468.372535490299,1476.2112878647204,1465.1063886676236,1473.3370361328125,3331674,0.0,0.0
2021-09-13 00:00:00+05:30,1465.8467121859994,1481.9597033775865,1459.0530841826737,1473.598388671875,4662374,0.0,0.0
2021-09-14 00:00:00+05:30,1477.12592169284,1477.12592169284,1462.0145685181678,1468.5904541015625,4945167,0.0,0.0
2021-09-15 00:00:00+05:30,1474.7741973936459,1493.8049254065334,1472.117688719493,1490.6258544921875,4062344,0.0,0.0
2021-09-16 00:00:00+05:30,1493.8920892094495,1497.4195705979105,1473.2064909534074,1482.613037109375,3246568,0.0,0.0
2021-09-17 00:00:00+05:30,1478.0405512615182,1496.3309764686437,1467.1098022407282,1473.0760498046875,7454864,0.0,0.0
2021-09-20 00:00:00+05:30,1467.5886724736702,1487.3597058300793,1461.4482737789863,1470.0709228515625,5660743,0.0,0.0
2021-09-21 00:00:00+05:30,1480.6532560868934,1503.9517705576725,1467.2838494209095,1496.72265625,4672222,0.0,0.0
2021-09-22 00:00:00+05:30,1495.4600008034217,1514.5343226018194,1492.0197014541698,1495.3729248046875,4553892,0.0,0.0
2021-09-23 00:00:00+05:30,1508.5243325905415,1519.8469748097546,1499.0307113119939,1517.713134765625,3826090,0.0,0.0
2021-09-24 00:00:00+05:30,1531.169602820424,1557.2987769299875,1526.335663082202,1536.2647705078125,8280446,0.0,0.0
2021-09-27 00:00:00+05:30,1540.5327360352849,1540.7504791781873,1496.4179540192567,1499.074462890625,5045337,0.0,0.0
2021-09-28 00:00:00+05:30,1489.3631404087905,1489.3631404087905,1458.8790995232305,1469.4178466796875,6557197,0.0,0.0
2021-09-29 00:00:00+05:30,1445.1611060324121,1481.872617800693,1441.4594729447897,1473.9031982421875,7792548,0.0,0.0
2021-09-30 00:00:00+05:30,1483.2661787983272,1483.2661787983272,1454.6111620660795,1459.0531005859375,6914031,0.0,0.0
2021-10-01 00:00:00+05:30,1450.2562135367987,1462.3191607744086,1446.9029908490702,1450.2998046875,5733906,0.0,0.0
2021-10-04 00:00:00+05:30,1456.7015632635075,1470.2016375418839,1450.517679535455,1462.1451416015625,2947154,0.0,0.0
2021-10-05 00:00:00+05:30,1455.3949602586436,1483.2224874376122,1448.427180676316,1474.3822021484375,4373310,0.0,0.0
2021-10-06 00:00:00+05:30,1482.4821661210055,1488.4918972098776,1454.5239721126366,1457.615966796875,4271698,0.0,0.0
2021-10-07 00:00:00+05:30,1469.3305632299673,1484.3112472506546,1460.3160193905471,1472.814453125,5476108,0.0,0.0
2021-10-08 00:00:00+05:30,1485.2258362951297,1508.0888641225727,1479.2596960117546,1501.4259033203125,4738376,0.0,0.0
2021-10-11 00:00:00+05:30,1464.9757128474757,1506.7823919299244,1449.0368739193389,1472.7708740234375,8840633,0.0,0.0
2021-10-12 00:00:00+05:30,1460.6209130640477,1471.072583282753,1447.5563252906663,1467.7193603515625,7439300,0.0,0.0
2021-10-13 00:00:00+05:30,1477.1257522003684,1492.5420290685638,1463.277374662343,1488.6661376953125,7104171,0.0,0.0
2021-10-14 00:00:00+05:30,1527.6857924741366,1553.4665576738048,1479.085483572147,1494.37109375,19655776,0.0,0.0
2021-10-18 00:00:00+05:30,1515.4923316359125,1566.8797152948314,1515.4923316359125,1560.91357421875,13438109,0.0,0.0
2021-10-19 00:00:00+05:30,1579.9440336950636,1597.798969026237,1552.3342493938349,1587.04248046875,10324260,0.0,0.0
2021-10-20 00:00:00+05:30,1593.3572134225717,1609.5572816820163,1562.5683548664965,1569.79736328125,5876115,0.0,0.0
2021-10-21 00:00:00+05:30,1579.9440255087377,1579.9440255087377,1521.4582041825172,1527.380859375,8779629,0.0,0.0
2021-10-22 00:00:00+05:30,1524.11481075835,1535.6986813056806,1486.7500689564513,1497.8985595703125,7369809,0.0,0.0
2021-10-25 00:00:00+05:30,1499.8582271507623,1506.564672832556,1469.5047506520364,1487.2291259765625,5905209,0.0,0.0
2021-10-26 00:00:00+05:30,1502.606510485687,1517.1487911115623,1490.173003745535,1497.0267333984375,5871709,15.0,0.0
2021-10-27 00:00:00+05:30,1501.7713769207796,1523.782638320306,1494.785823536902,1519.21337890625,5090259,0.0,0.0
2021-10-28 00:00:00+05:30,1510.7780094844702,1515.522964410046,1486.7897990608278,1497.2022705078125,5329972,0.0,0.0
2021-10-29 00:00:00+05:30,1492.8968534222288,1504.8470363291535,1459.5505540155075,1465.437744140625,5875091,0.0,0.0
2021-11-01 00:00:00+05:30,1474.0048022483252,1500.1018935472132,1472.6867651673283,1493.8193359375,3636806,0.0,0.0
2021-11-02 00:00:00+05:30,1489.3818273621403,1499.4428003412402,1481.7811257877784,1491.9300537109375,3471772,0.0,0.0
2021-11-03 00:00:00+05:30,1501.6836622957965,1509.108562016102,1492.896747946494,1495.97216796875,3530713,0.0,0.0
2021-11-04 00:00:00+05:30,1506.9559655285486,1508.7133485787276,1498.1690502776532,1501.420166015625,483407,0.0,0.0
2021-11-08 00:00:00+05:30,1520.1362543558903,1529.8018605974596,1496.4115844902203,1526.7264404296875,5245903,0.0,0.0
2021-11-09 00:00:00+05:30,1524.3100142140984,1537.710059014078,1516.621463919028,1531.119873046875,4016134,0.0,0.0
2021-11-10 00:00:00+05:30,1516.6211841497086,1538.5444891849152,1513.0624414790395,1529.0546875,4780368,0.0,0.0
2021-11-11 00:00:00+05:30,1522.7281388179986,1528.7032829292987,1501.6835237971957,1523.0357666015625,4731349,0.0,0.0
2021-11-12 00:00:00+05:30,1531.5591812690018,1566.5750137314162,1527.2097015420263,1564.2464599609375,5069009,0.0,0.0
2021-11-15 00:00:00+05:30,1565.9158372510615,1581.6444339073435,1560.1164957791602,1570.353271484375,4354074,0.0,0.0
2021-11-16 00:00:00+05:30,1572.8576289550256,1589.508788323187,1561.4346405883132,1574.878662109375,6034233,0.0,0.0
2021-11-17 00:00:00+05:30,1575.0983554327267,1583.401946486974,1564.6857762457305,1570.616943359375,4732492,0.0,0.0
2021-11-18 00:00:00+05:30,1565.4767795974547,1572.3744865286362,1545.6183728371948,1563.543701171875,4326924,0.0,0.0
2021-11-22 00:00:00+05:30,1567.5855143323686,1568.815703789317,1538.7205222501445,1545.9697265625,6621839,0.0,0.0
2021-11-23 00:00:00+05:30,1524.6174092729004,1535.293531113381,1502.5622768372482,1526.1990966796875,8436160,0.0,0.0
2021-11-24 00:00:00+05:30,1528.9229166282798,1529.3622622939777,1483.2309673957104,1490.260498046875,7333061,0.0,0.0
2021-11-25 00:00:00+05:30,1493.7753000534872,1516.7969705965193,1491.0952485220696,1513.4580078125,4476260,0.0,0.0
2021-11-26 00:00:00+05:30,1496.01598951676,1509.8992483843338,1479.7162221928609,1486.438232421875,4494181,0.0,0.0
2021-11-29 00:00:00+05:30,1485.867137758942,1504.319656915026,1466.6677523751573,1490.568115234375,3942776,0.0,0.0
2021-11-30 00:00:00+05:30,1497.7734901514705,1520.0482960069558,1493.8193787950365,1504.890869140625,14808963,0.0,0.0
2021-12-01 00:00:00+05:30,1506.9557676104166,1530.59258798338,1505.1983847910458,1506.867919921875,5193264,0.0,0.0
2021-12-02 00:00:00+05:30,1506.9556323902027,1538.1491746350146,1503.7483875802125,1536.172119140625,5559574,0.0,0.0
2021-12-03 00:00:00+05:30,1556.2503551294296,1569.914049638286,1522.3768651886874,1525.012939453125,6754012,0.0,0.0
2021-12-06 00:00:00+05:30,1520.1361797156055,1523.6069679725288,1486.3065595311832,1489.6456298828125,3991449,0.0,0.0
2021-12-07 00:00:00+05:30,1494.741848225563,1515.6547454589877,1488.5031610337503,1504.0120849609375,4202122,0.0,0.0
2021-12-08 00:00:00+05:30,1522.7720950332034,1546.3210658935589,1522.4205970441287,1540.6534423828125,3029169,0.0,0.0
2021-12-09 00:00:00+05:30,1545.6181864523098,1554.7565985466379,1530.680432518433,1549.5283203125,2082171,0.0,0.0
2021-12-10 00:00:00+05:30,1546.496909194259,1549.7920020405534,1534.1952292347592,1545.837890625,1823469,0.0,0.0
2021-12-13 00:00:00+05:30,1552.691619157812,1556.4699276693766,1527.8685881008832,1533.0089111328125,4040584,0.0,0.0
2021-12-14 00:00:00+05:30,1520.9269292908916,1549.1329011030184,1502.8697785484514,1539.59912109375,4768144,0.0,0.0
2021-12-15 00:00:00+05:30,1533.316570661763,1535.908667518198,1512.4036713776811,1523.82666015625,3053149,0.0,0.0
2021-12-16 00:00:00+05:30,1548.8254519662987,1561.9618457823942,1544.7395154133753,1556.689697265625,4481031,0.0,0.0
2021-12-17 00:00:00+05:30,1599.2184657386906,1618.5496779619054,1587.575803831527,1599.96533203125,18887243,0.0,0.0
2021-12-20 00:00:00+05:30,1583.1381278143033,1607.697614867699,1570.4850584603494,1580.6778564453125,5773891,0.0,0.0
2021-12-21 00:00:00+05:30,1582.523173111217,1615.0347541246067,1582.523173111217,1591.8372802734375,5353584,0.0,0.0
2021-12-22 00:00:00+05:30,1603.6117948544356,1607.2583855937914,1592.496327262333,1603.34814453125,4156428,0.0,0.0
2021-12-23 00:00:00+05:30,1609.103704090808,1635.7719679184652,1605.3692654601534,1632.2572021484375,4112933,0.0,0.0
2021-12-24 00:00:00+05:30,1645.7451196749826,1648.2054986567352,1629.0939594879846,1637.4415283203125,3780347,0.0,0.0
2021-12-27 00:00:00+05:30,1634.3660458305121,1647.1070714566104,1621.2296519691486,1639.77001953125,2647733,0.0,0.0
2021-12-28 00:00:00+05:30,1652.5548702377228,1665.9110438520706,1650.5339443784728,1658.9693603515625,3340933,0.0,0.0
2021-12-29 00:00:00+05:30,1655.0152900742216,1664.0658546078334,1648.7766024427483,1656.816650390625,3236635,0.0,0.0
2021-12-30 00:00:00+05:30,1655.893905461335,1678.1248402781916,1646.9751665027095,1663.23095703125,4584738,0.0,0.0
2021-12-31 00:00:00+05:30,1660.7266893716478,1668.0637408590383,1644.602724183878,1658.7496337890625,4619420,0.0,0.0
2022-01-03 00:00:00+05:30,1658.7497778274603,1681.8594057710459,1658.7497778274603,1668.1517333984375,3329616,0.0,0.0
2022-01-04 00:00:00+05:30,1668.1518193720126,1675.3571539606305,1650.1826212731244,1668.7669677734375,3921999,0.0,0.0
2022-01-05 00:00:00+05:30,1669.5137232070176,1672.061949815919,1616.7922372110065,1620.878173828125,6995719,0.0,0.0
2022-01-06 00:00:00+05:30,1606.2477649878608,1606.2477649878608,1581.6444075372808,1597.28515625,6449205,0.0,0.0
2022-01-07 00:00:00+05:30,1595.2202481604722,1613.2773992100788,1587.619653412898,1594.2098388671875,4834389,0.0,0.0
2022-01-10 00:00:00+05:30,1594.8250603640417,1643.065244799383,1593.0676773774146,1626.23828125,7857560,0.0,0.0
2022-01-11 00:00:00+05:30,1629.9723184051127,1643.1526875566367,1625.7106871652104,1630.49951171875,5142287,0.0,0.0
2022-01-12 00:00:00+05:30,1642.1864712150102,1659.8481478952956,1634.3660958630228,1649.69921875,5362535,0.0,0.0
2022-01-13 00:00:00+05:30,1673.907008333963,1680.4971934061439,1639.9455664762318,1666.7017822265625,14277630,0.0,0.0
2022-01-14 00:00:00+05:30,1653.697325601296,1698.5105900038816,1652.8186341424216,1695.3033447265625,7688506,0.0,0.0
2022-01-17 00:00:00+05:30,1703.3873319362635,1716.8752240721528,1696.3138229476326,1704.2220458984375,5262464,0.0,0.0
2022-01-18 00:00:00+05:30,1688.9327940218743,1709.0548494342218,1679.574708740925,1687.74658203125,3690315,0.0,0.0
2022-01-19 00:00:00+05:30,1683.5726913474412,1683.5726913474412,1636.8702228464153,1640.560791015625,5747770,0.0,0.0
2022-01-20 00:00:00+05:30,1620.3069609598556,1623.8217266018507,1595.2642557606387,1602.469482421875,5533463,0.0,0.0
2022-01-21 00:00:00+05:30,1577.2510967324367,1588.6740851767383,1560.5559597753802,1569.0792236328125,8252758,0.0,0.0
2022-01-24 00:00:00+05:30,1550.89025964962,1554.097504585174,1518.3786791357186,1526.1112060546875,7116712,0.0,0.0
2022-01-25 00:00:00+05:30,1517.1486594985286,1528.9231465624146,1494.2148337525207,1513.238525390625,9137653,0.0,0.0
2022-01-27 00:00:00+05:30,1495.5328367763693,1502.2987179861893,1463.0212533681874,1474.971435546875,11231734,0.0,0.0
2022-01-28 00:00:00+05:30,1477.0805050186957,1517.9836398382624,1475.7624676852465,1481.649658203125,10998502,0.0,0.0
2022-01-31 00:00:00+05:30,1509.591843604878,1537.2706230423364,1507.2632899140617,1525.583984375,8788872,0.0,0.0
2022-02-01 00:00:00+05:30,1551.8568050061044,1564.0706364850143,1524.2658745729877,1557.0850830078125,5119935,0.0,0.0
2022-02-02 00:00:00+05:30,1571.9789834277135,1575.3180537987653,1557.0412289736769,1570.3094482421875,4253717,0.0,0.0
2022-02-03 00:00:00+05:30,1563.191948829261,1563.191948829261,1523.6508371388077,1527.64892578125,3832922,0.0,0.0
2022-02-04 00:00:00+05:30,1521.8935777665583,1541.1808120164233,1502.6941912084785,1529.8896484375,4700077,0.0,0.0
2022-02-07 00:00:00+05:30,1513.2823459720125,1521.8935649371356,1489.733479878767,1506.955810546875,4310209,0.0,0.0
2022-02-08 00:00:00+05:30,1502.5623164200595,1515.7426876167267,1490.2606366365032,1508.976806640625,6053401,0.0,0.0
2022-02-09 00:00:00+05:30,1524.5296259925371,1531.5591574092173,1515.7427117216866,1526.5506591796875,3867244,0.0,0.0
2022-02-10 00:00:00+05:30,1542.6744279720942,1558.7105444639826,1536.611436448764,1554.93212890625,4334630,0.0,0.0
2022-02-11 00:00:00+05:30,1528.9228928483824,1534.1510632840202,1505.1982272697005,1512.5352783203125,7551371,0.0,0.0
2022-02-14 00:00:00+05:30,1484.9886020779093,1510.0752867515978,1474.6639771818056,1478.134765625,7459637,0.0,0.0
2022-02-15 00:00:00+05:30,1492.8967373992116,1534.8542531207022,1485.3838827787808,1527.3853759765625,4669915,0.0,0.0
2022-02-16 00:00:00+05:30,1527.3852458984643,1542.4986942805128,1517.368143011698,1523.0357666015625,5350642,0.0,0.0
2022-02-17 00:00:00+05:30,1532.4378490996394,1536.8313062358195,1511.6129051790003,1515.5670166015625,3937950,0.0,0.0
2022-02-18 00:00:00+05:30,1502.5622537515017,1513.5458959572875,1496.850759804493,1499.8822021484375,5602215,0.0,0.0
2022-02-21 00:00:00+05:30,1494.6541280390445,1526.5506699725988,1486.3065594227182,1520.751220703125,5120890,0.0,0.0
2022-02-22 00:00:00+05:30,1493.687498875911,1538.5886069583632,1485.911101612414,1523.9583740234375,8878515,0.0,0.0
2022-02-23 00:00:00+05:30,1537.7097883253055,1544.9589916131247,1523.12353407133,1531.4271240234375,5478811,0.0,0.0
2022-02-24 00:00:00+05:30,1485.0763695246333,1506.9118301831932,1467.8540388895212,1474.5760498046875,13592379,0.0,0.0
2022-02-25 00:00:00+05:30,1506.9557211653544,1518.5105342990194,1473.5654486264136,1489.0303955078125,9737281,0.0,0.0
2022-02-28 00:00:00+05:30,1478.1348359978454,1518.4229281074627,1463.0213847182283,1507.483154296875,15076542,0.0,0.0
2022-03-02 00:00:00+05:30,1502.5623753614689,1506.428639183248,1485.8672378574524,1496.23583984375,6771489,0.0,0.0
2022-03-03 00:00:00+05:30,1511.5246544269576,1523.5627889815564,1498.6519133468057,1512.0958251953125,7344147,0.0,0.0
2022-03-04 00:00:00+05:30,1489.6015651994855,1525.408239012716,1477.0802130071288,1514.2489013671875,9074499,0.0,0.0
2022-03-07 00:00:00+05:30,1491.1392344591268,1538.5885677889987,1490.2605431011661,1528.7911376953125,9742588,0.0,0.0
2022-03-08 00:00:00+05:30,1509.9872022162124,1581.644529208251,1509.9872022162124,1562.489013671875,10984500,0.0,0.0
2022-03-09 00:00:00+05:30,1573.7365101481573,1609.4113643584944,1573.7365101481573,1593.375244140625,10193515,0.0,0.0
2022-03-10 00:00:00+05:30,1620.9658987002945,1620.9658987002945,1590.6070690763233,1604.402587890625,6547182,0.0,0.0
2022-03-11 00:00:00+05:30,1593.9461769078878,1609.2354285026502,1591.310102745416,1600.9757080078125,4758657,0.0,0.0
2022-03-14 00:00:00+05:30,1609.367286068122,1665.1202128221414,1609.367286068122,1661.341796875,10289724,0.0,0.0
2022-03-15 00:00:00+05:30,1659.2768725454414,1659.2768725454414,1608.0052511537049,1616.1771240234375,7140443,0.0,0.0
2022-03-16 00:00:00+05:30,1638.7594929307566,1664.1975665515567,1624.7004302568198,1660.1995849609375,5233979,0.0,0.0
2022-03-17 00:00:00+05:30,1689.9872589454178,1689.9872589454178,1610.6853579171534,1629.62109375,17731459,0.0,0.0
2022-03-21 00:00:00+05:30,1635.2447090569246,1658.0028379594185,1617.7587285984619,1628.2591552734375,8362085,0.0,0.0
2022-03-22 00:00:00+05:30,1625.5789398251059,1660.7265925780812,1615.9133353180378,1658.4420166015625,5709382,0.0,0.0
2022-03-23 00:00:00+05:30,1666.8777520338913,1669.513826496781,1631.7300925286959,1645.261962890625,6192824,0.0,0.0
2022-03-24 00:00:00+05:30,1630.9830683752546,1664.7687099000984,1630.9830683752546,1657.8270263671875,3784303,0.0,0.0
2022-03-25 00:00:00+05:30,1662.4841869657494,1664.2415698272353,1632.6086783204876,1648.908447265625,3438588,0.0,0.0
2022-03-28 00:00:00+05:30,1639.6382720357626,1652.7307963034818,1627.907762442276,1646.5799560546875,4008555,0.0,0.0
2022-03-29 00:00:00+05:30,1646.5798912876753,1660.1996084457126,1634.8493821555994,1657.2120361328125,3917785,0.0,0.0
2022-03-30 00:00:00+05:30,1678.3006231006957,1686.2088459320603,1665.1202517150882,1672.9844970703125,7795839,0.0,0.0
2022-03-31 00:00:00+05:30,1669.513943325343,1680.9369334638848,1664.4174894355942,1675.532958984375,5399145,0.0,0.0
2022-04-01 00:00:00+05:30,1657.9589669091613,1678.564346091196,1650.4462192514522,1672.6331787109375,6171518,0.0,0.0
2022-04-04 00:00:00+05:30,1660.5071270406477,1663.362874183329,1645.7890456129824,1654.531982421875,7364074,0.0,0.0
2022-04-05 00:00:00+05:30,1655.2787548219912,1660.3751001308806,1631.8616096448654,1635.3323974609375,5472024,0.0,0.0
2022-04-06 00:00:00+05:30,1629.9724288024402,1632.1691571431443,1601.1074398580135,1606.99462890625,5407453,0.0,0.0
2022-04-07 00:00:00+05:30,1600.1409496978658,1606.379636923527,1588.2786162958694,1591.31005859375,5797544,0.0,0.0
2022-04-08 00:00:00+05:30,1601.8542952289317,1615.034665184189,1588.6739252736745,1594.4732666015625,5131446,0.0,0.0
2022-04-11 00:00:00+05:30,1593.9463082740529,1593.9463082740529,1548.737675566616,1552.25244140625,8248407,0.0,0.0
2022-04-12 00:00:00+05:30,1544.300154299906,1544.300154299906,1518.1590848316712,1531.0758056640625,6456184,0.0,0.0
2022-04-13 00:00:00+05:30,1542.0594523193558,1544.3001583273306,1521.8935272961232,1536.4359130859375,6257693,0.0,0.0
2022-04-18 00:00:00+05:30,1410.738990878907,1449.8407567425704,1397.1192746792042,1424.710205078125,30523965,0.0,0.0
2022-04-19 00:00:00+05:30,1438.110326839995,1438.110326839995,1361.9716942234015,1372.5159912109375,17044923,0.0,0.0
2022-04-20 00:00:00+05:30,1383.9390500304542,1402.6552210404843,1373.3947525064125,1395.098388671875,10678747,0.0,0.0
2022-04-21 00:00:00+05:30,1401.5127612789481,1429.8065810155888,1396.4602858072528,1422.4256591796875,7766514,0.0,0.0
2022-04-22 00:00:00+05:30,1409.728504477574,1415.3081733294175,1390.4412714487692,1393.1212158203125,8134245,0.0,0.0
2022-04-25 00:00:00+05:30,1382.0058512029284,1382.0058512029284,1365.5742579702844,1371.72509765625,7000570,0.0,0.0
2022-04-26 00:00:00+05:30,1385.8721112277144,1398.8767875849937,1376.5141331003783,1389.211181640625,5345435,0.0,0.0
2022-04-27 00:00:00+05:30,1381.9619804602605,1381.9619804602605,1362.279270492614,1364.43212890625,8819356,0.0,0.0
2022-04-28 00:00:00+05:30,1379.5454535287045,1407.4878820528004,1368.5178339093395,1390.616943359375,9245177,0.0,0.0
2022-04-29 00:00:00+05:30,1397.1192785504973,1403.5337684574995,1371.4615334467492,1377.3927001953125,9831395,0.0,0.0
2022-05-02 00:00:00+05:30,1362.7624202077359,1364.387977733773,1345.2764410950936,1354.0633544921875,7072627,0.0,0.0
2022-05-04 00:00:00+05:30,1359.5551819523712,1379.5454100276122,1344.5295814229673,1349.2745361328125,6220959,0.0,0.0
2022-05-05 00:00:00+05:30,1370.8027740485338,1396.5923491853584,1368.5180902445354,1392.85791015625,6144870,0.0,0.0
2022-05-06 00:00:00+05:30,1361.9717522559292,1372.384224522361,1348.8353579374136,1355.6890869140625,6171472,0.0,0.0
2022-05-09 00:00:00+05:30,1353.1846449249074,1394.3074419742286,1337.5000261747937,1379.8529052734375,6832202,0.0,0.0
2022-05-10 00:00:00+05:30,1369.0011227639045,1378.7985527649935,1358.5008040403675,1364.607666015625,6212545,0.0,0.0
2022-05-11 00:00:00+05:30,1361.9277121263535,1361.9277121263535,1328.2299179037932,1341.5421142578125,7846080,0.0,0.0
2022-05-12 00:00:00+05:30,1330.3388057853947,1342.201139918884,1321.8155419424827,1325.7696533203125,7034979,0.0,0.0
2022-05-13 00:00:00+05:30,1334.9959664754047,1343.7389035215306,1316.3676433280884,1321.9034423828125,6723761,0.0,0.0
2022-05-16 00:00:00+05:30,1326.8238986312238,1328.449456127453,1299.276947088888,1308.459228515625,6145331,0.0,0.0
2022-05-17 00:00:00+05:30,1313.555903618578,1340.0044954869074,1301.254223004272,1334.2490234375,6516378,0.0,0.0
2022-05-18 00:00:00+05:30,1337.3683872175263,1361.7080974834491,1322.6942829038983,1326.12109375,6594126,0.0,0.0
2022-05-19 00:00:00+05:30,1301.3419230322806,1304.5930382065774,1245.676846021442,1254.0244140625,16561140,0.0,0.0
2022-05-20 00:00:00+05:30,1276.7385996614764,1288.8206063685275,1271.2028009563014,1278.6278076171875,10488908,0.0,0.0
2022-05-23 00:00:00+05:30,1278.5838689742561,1307.4928382619098,1274.1465416425442,1290.2705078125,5887569,0.0,0.0
2022-05-24 00:00:00+05:30,1290.4463220800299,1291.2811433666081,1261.1419818568445,1266.1944580078125,5693167,0.0,0.0
2022-05-25 00:00:00+05:30,1260.9222603048568,1267.5124463343247,1229.50904023106,1239.350341796875,9630092,0.0,0.0
2022-05-26 00:00:00+05:30,1245.9844752652336,1256.5287726581694,1236.3628467990359,1251.212646484375,13040065,0.0,0.0
2022-05-27 00:00:00+05:30,1268.7863108351823,1289.0401890208304,1263.030946945637,1284.0755615234375,8284860,0.0,0.0
2022-05-30 00:00:00+05:30,1306.6140992805463,1344.3978291185176,1304.8567164973847,1341.5860595703125,10904213,0.0,0.0
2022-05-31 00:00:00+05:30,1341.4971403772934,1347.9795623962705,1321.4728713370666,1335.1923828125,16033857,16.0,0.0
2022-06-01 00:00:00+05:30,1343.5395760270444,1345.0935709100895,1307.2204739379727,1312.9481201171875,8738508,0.0,0.0
2022-06-02 00:00:00+05:30,1317.787679252321,1344.2943706627866,1310.3284820297667,1339.099609375,7205840,0.0,0.0
2022-06-03 00:00:00+05:30,1354.1067924628962,1380.835483354974,1347.9795908249841,1351.26513671875,9395707,0.0,0.0
2022-06-06 00:00:00+05:30,1346.2036506605543,1364.496369880414,1325.779716646575,1358.6800537109375,6624883,0.0,0.0
2022-06-07 00:00:00+05:30,1349.622374002398,1349.622374002398,1334.304423990545,1337.9451904296875,4904592,0.0,0.0
2022-06-08 00:00:00+05:30,1349.9331029298305,1349.9331029298305,1324.89162890625,1331.99560546875,4697608,0.0,0.0
2022-06-09 00:00:00+05:30,1318.675639841816,1347.0471026731207,1315.5676501182832,1345.3155517578125,4361061,0.0,0.0
2022-06-10 00:00:00+05:30,1319.6524730579197,1326.6232286366903,1308.5525092706785,1311.3941650390625,6516436,0.0,0.0
2022-06-13 00:00:00+05:30,1281.9126277011962,1281.9126277011962,1253.5854977400272,1264.951904296875,6987685,0.0,0.0
2022-06-14 00:00:00+05:30,1252.0761087251524,1286.619223049743,1245.9933493091928,1279.2044677734375,6090247,0.0,0.0
2022-06-15 00:00:00+05:30,1278.8933715213977,1284.3990185434857,1259.9346552426048,1262.909423828125,4651958,0.0,0.0
2022-06-16 00:00:00+05:30,1276.9399223929138,1282.0459060881565,1236.0920528309707,1240.7095947265625,6641772,0.0,0.0
2022-06-17 00:00:00+05:30,1235.2483238555576,1240.4874196646322,1214.0251729542306,1231.9183349609375,9692047,0.0,0.0
2022-06-20 00:00:00+05:30,1234.3605201667415,1263.0427639663321,1227.2120995273342,1255.76123046875,4595194,0.0,0.0
2022-06-21 00:00:00+05:30,1264.507932381181,1292.9238409740165,1263.3979359517734,1287.507080078125,6270787,0.0,0.0
2022-06-22 00:00:00+05:30,1275.2082505737685,1296.1205167768,1274.2758102801847,1276.2738037109375,6253366,0.0,0.0
2022-06-23 00:00:00+05:30,1278.5382855533985,1294.6997896368189,1272.4998618309749,1289.7713623046875,6254281,0.0,0.0
2022-06-24 00:00:00+05:30,1294.699676447172,1303.1356482758742,1268.8589844199196,1279.6925048828125,6114340,0.0,0.0
2022-06-27 00:00:00+05:30,1303.6241140424631,1317.7876236462766,1301.0489009150212,1309.4404296875,4511097,0.0,0.0
2022-06-28 00:00:00+05:30,1304.4677073865423,1321.561651135481,1290.2597541406712,1314.368896484375,4412178,0.0,0.0
2022-06-29 00:00:00+05:30,1300.649368901304,1311.5717770934775,1293.8118342756918,1299.36181640625,5060038,0.0,0.0
2022-06-30 00:00:00+05:30,1300.9602987057103,1316.01180739461,1292.035883778109,1298.1630859375,9165177,0.0,0.0
2022-07-01 00:00:00+05:30,1291.1478536823045,1318.675765280758,1280.802665224558,1313.7030029296875,4651635,0.0,0.0
2022-07-04 00:00:00+05:30,1314.4577439626057,1325.1137094600226,1298.2517964352844,1321.3397216796875,4800224,0.0,0.0
2022-07-05 00:00:00+05:30,1330.9301027704544,1340.831183761111,1307.1317370251647,1310.6392822265625,7379669,0.0,0.0
2022-07-06 00:00:00+05:30,1316.1892947506883,1331.9956869281368,1305.3557731895742,1324.5809326171875,5209162,0.0,0.0
2022-07-07 00:00:00+05:30,1334.7040605575694,1344.3831420553722,1328.1771952712536,1330.8411865234375,3323472,0.0,0.0
2022-07-08 00:00:00+05:30,1345.315590195814,1347.0471411605954,1331.9511906435466,1344.8271484375,3652582,0.0,0.0
2022-07-11 00:00:00+05:30,1327.5557930054122,1331.9070008962192,1302.1590951666665,1308.153076171875,4702638,0.0,0.0
2022-07-12 00:00:00+05:30,1298.0741307741685,1304.1124456740424,1275.1637635297923,1277.4725341796875,4710356,0.0,0.0
2022-07-13 00:00:00+05:30,1287.5957856267937,1296.475756562151,1277.4725970808702,1282.6673583984375,5264025,0.0,0.0
2022-07-14 00:00:00+05:30,1288.4838556808252,1290.215406752036,1255.6279613595361,1268.814697265625,6157606,0.0,0.0
2022-07-15 00:00:00+05:30,1284.0439058847987,1284.0439058847987,1252.6532276522264,1270.146728515625,5620018,0.0,0.0
2022-07-18 00:00:00+05:30,1287.5957507176618,1326.3124012665216,1285.8641997914458,1323.02685546875,5835171,0.0,0.0
2022-07-19 00:00:00+05:30,1306.7322778541525,1320.3185695057068,1305.4446169198009,1317.9210205078125,3418540,0.0,0.0
2022-07-20 00:00:00+05:30,1333.105628800247,1354.9060006770792,1331.9956324398804,1345.58203125,5079392,0.0,0.0
2022-07-21 00:00:00+05:30,1347.0916394538826,1363.475143060979,1334.7484577291702,1361.2108154296875,5008061,0.0,0.0
2022-07-22 00:00:00+05:30,1362.1875644368015,1367.5155470877928,1325.0249071257533,1337.590087890625,7020642,0.0,0.0
2022-07-25 00:00:00+05:30,1314.3244515105814,1347.2247865607108,1314.3244515105814,1335.1923828125,7859626,0.0,0.0
2022-07-26 00:00:00+05:30,1329.0209351127858,1329.0209351127858,1283.1558613643324,1288.6170654296875,7268273,0.0,0.0
2022-07-27 00:00:00+05:30,1288.483822375233,1308.019759034265,1283.1558396500427,1306.2882080078125,4517285,0.0,0.0
2022-07-28 00:00:00+05:30,1328.7989592318934,1353.7072142935083,1322.9825345301238,1347.4468994140625,6636841,0.0,0.0
2022-07-29 00:00:00+05:30,1361.122085160738,1381.457133330871,1356.859655449305,1376.129150390625,7009465,0.0,0.0
2022-08-01 00:00:00+05:30,1388.8273994069982,1388.8273994069982,1365.6506978612158,1377.327880859375,2983249,0.0,0.0
2022-08-02 00:00:00+05:30,1373.3319367159932,1373.7314920454614,1357.1703247119033,1370.7122802734375,4374635,0.0,0.0
2022-08-03 00:00:00+05:30,1375.5075317485316,1394.1554711718493,1367.4267796780443,1390.6922607421875,6011955,0.0,0.0
2022-08-04 00:00:00+05:30,1409.6953575514096,1424.2140880582285,1398.5509508931095,1420.70654296875,7402209,0.0,0.0
2022-08-05 00:00:00+05:30,1428.254468715417,1443.6167525535413,1422.8377084210715,1435.5804443359375,5361971,0.0,0.0
2022-08-08 00:00:00+05:30,1435.8913682028474,1440.3313538806547,1417.2434283560572,1438.0225830078125,3763409,0.0,0.0
2022-08-10 00:00:00+05:30,1439.6208933320956,1439.6208933320956,1410.2282102223699,1422.970947265625,4423829,0.0,0.0
2022-08-11 00:00:00+05:30,1447.4354013336217,1448.6341758452916,1435.0034408313697,1438.510986328125,3462090,0.0,0.0
2022-08-12 00:00:00+05:30,1432.6057616654232,1433.2273162748345,1412.0486071656317,1415.55615234375,3562286,0.0,0.0
2022-08-16 00:00:00+05:30,1428.7873514369574,1428.7873514369574,1412.8921814722432,1417.6429443359375,3004430,0.0,0.0
2022-08-17 00:00:00+05:30,1417.6428006795595,1431.4511977140078,1407.4752781493191,1426.34521484375,4067324,0.0,0.0
2022-08-18 00:00:00+05:30,1415.5560961565852,1419.1968624345182,1397.707376873584,1405.6549072265625,4635706,0.0,0.0
2022-08-19 00:00:00+05:30,1407.741913599355,1425.1466359156411,1407.5642491319722,1418.22021484375,4739884,0.0,0.0
2022-08-22 00:00:00+05:30,1408.3636011768147,1419.9075651208868,1397.7076344592094,1399.1728515625,3950555,0.0,0.0
2022-08-23 00:00:00+05:30,1374.619368009142,1380.3913485595679,1361.2994128927742,1369.6466064453125,5551574,0.0,0.0
2022-08-24 00:00:00+05:30,1363.0755394912346,1372.8435075266768,1359.5235511147102,1365.2955322265625,2888426,0.0,0.0
2022-08-25 00:00:00+05:30,1374.6194842114278,1375.2410388101719,1344.2055841247086,1348.11279296875,4331088,0.0,0.0
2022-08-26 00:00:00+05:30,1363.2089425597997,1371.9112502041487,1347.491326858414,1351.1322021484375,3079136,0.0,0.0
2022-08-29 00:00:00+05:30,1304.068208908207,1304.068208908207,1287.5958190364718,1298.02978515625,8079050,0.0,0.0
2022-08-30 00:00:00+05:30,1308.108629152098,1328.5325643697543,1301.8038708297447,1325.7353515625,6725875,0.0,0.0
2022-09-01 00:00:00+05:30,1296.520342709969,1303.6686550621423,1288.5283679870784,1300.2054443359375,8140604,0.0,0.0
2022-09-02 00:00:00+05:30,1312.459816939898,1312.459816939898,1285.8199018463954,1290.2598876953125,5175653,0.0,0.0
2022-09-05 00:00:00+05:30,1288.4839564379495,1302.691911850084,1284.3547477166785,1297.63037109375,3669352,0.0,0.0
2022-09-06 00:00:00+05:30,1297.6302811685841,1305.3558130293177,1283.5554395953404,1292.1246337890625,3428442,0.0,0.0
2022-09-07 00:00:00+05:30,1278.7158670634933,1301.5817931585523,1276.984316019413,1294.3890380859375,3600574,0.0,0.0
2022-09-08 00:00:00+05:30,1309.7955076239975,1315.2122673657448,1299.6723206651209,1310.5947265625,4061475,0.0,0.0
2022-09-09 00:00:00+05:30,1321.33978765346,1349.7556970653623,1314.2358103004844,1342.3409423828125,4816910,0.0,0.0
2022-09-12 00:00:00+05:30,1354.9060300810474,1372.7547502634757,1350.7768218512558,1364.14111328125,5494819,0.0,0.0
2022-09-13 00:00:00+05:30,1378.0829005700948,1379.0596758276358,1368.6701517643487,1371.9112548828125,4947158,0.0,0.0
2022-09-14 00:00:00+05:30,1329.3314697905766,1331.063020530275,1307.1315454453768,1310.1507568359375,14332197,0.0,0.0
2022-09-15 00:00:00+05:30,1309.7956992197146,1309.9732552773253,1268.9922765591873,1272.322265625,12784100,0.0,0.0
2022-09-16 00:00:00+05:30,1265.395822315344,1265.395822315344,1215.0907667170163,1222.81640625,20464045,0.0,0.0
2022-09-19 00:00:00+05:30,1236.092071374122,1248.5240318620802,1225.9688818685945,1234.58251953125,6595241,0.0,0.0
2022-09-20 00:00:00+05:30,1250.255623540864,1255.2284946157747,1229.9649090518215,1233.028564453125,7219797,0.0,0.0
2022-09-21 00:00:00+05:30,1225.3472325735095,1233.250428524418,1215.1352658184694,1222.9940185546875,7917054,0.0,0.0
2022-09-22 00:00:00+05:30,1213.3148220155867,1228.9435493746757,1207.6760620818068,1214.735595703125,9168498,0.0,0.0
2022-09-23 00:00:00+05:30,1214.3360624565184,1238.5784272088517,1209.4520782930736,1212.515625,10426200,0.0,0.0
2022-09-26 00:00:00+05:30,1207.6761385505345,1242.7075831808704,1203.2361527470398,1225.6580810546875,9414587,0.0,0.0
2022-09-27 00:00:00+05:30,1237.3794973619085,1248.967902705002,1223.6599857287542,1237.4683837890625,8561254,0.0,0.0
2022-09-28 00:00:00+05:30,1224.5482323479425,1248.3909373097592,1222.7722378122673,1238.48974609375,7022098,0.0,0.0
2022-09-29 00:00:00+05:30,1247.5470517617227,1251.9425937102772,1236.9798654027875,1241.9970703125,6119965,0.0,0.0
2022-09-30 00:00:00+05:30,1233.3833563170135,1260.334151254032,1221.8838388383365,1255.1392822265625,8120130,0.0,0.0
2022-10-03 00:00:00+05:30,1253.8520673346413,1253.8520673346413,1230.764139749159,1237.6461181640625,4943169,0.0,0.0
2022-10-04 00:00:00+05:30,1260.689584755021,1271.8339930032037,1255.6280440611135,1269.30322265625,6631341,0.0,0.0
2022-10-06 00:00:00+05:30,1283.1558746803535,1296.2982757871803,1282.3566555701389,1292.1690673828125,6180672,0.0,0.0
2022-10-07 00:00:00+05:30,1284.3547342638644,1294.566702109372,1278.8491949585682,1288.6614990234375,3994466,0.0,0.0
2022-10-10 00:00:00+05:30,1266.5946414154234,1300.9157509967636,1266.5946414154234,1298.8289794921875,5274677,0.0,0.0
2022-10-11 00:00:00+05:30,1298.8289881372887,1313.9249389319289,1261.0446679361762,1264.330322265625,12824774,0.0,0.0
2022-10-12 00:00:00+05:30,1276.0519384547556,1279.6927051868731,1255.2284480932105,1268.6815185546875,5481467,0.0,0.0
2022-10-13 00:00:00+05:30,1270.7239342833766,1276.8954711779975,1256.515979742123,1260.8671875,4821514,0.0,0.0
2022-10-14 00:00:00+05:30,1318.6758527906138,1326.6678276560115,1302.913902361635,1309.1298828125,14990688,0.0,0.0
2022-10-17 00:00:00+05:30,1311.4831124808618,1327.5558404413687,1310.239894696481,1323.0714111328125,4286396,0.0,0.0
2022-10-18 00:00:00+05:30,1340.875675315851,1341.7192292357881,1329.5537118322238,1335.28125,4692004,0.0,0.0
2022-10-19 00:00:00+05:30,1335.547831397756,1336.391385405423,1315.390337674064,1319.075439453125,3553171,0.0,0.0
2022-10-20 00:00:00+05:30,1309.7956544303293,1335.5475689920102,1309.0852134280171,1332.7947998046875,4583939,0.0,0.0
2022-10-21 00:00:00+05:30,1332.2622632524126,1337.323804011944,1324.314623149871,1332.4398193359375,3594485,0.0,0.0
2022-10-24 00:00:00+05:30,1348.4237774893445,1351.3542116722354,1341.763798344682,1347.8465576171875,982837,0.0,0.0
2022-10-25 00:00:00+05:30,1356.9481830638767,1361.2106119886887,1350.6878693032677,1355.349853515625,3914341,0.0,0.0
2022-10-27 00:00:00+05:30,1374.201834673,1377.8823898027329,1357.7738493894442,1368.052490234375,6760137,16.5,0.0
2022-10-28 00:00:00+05:30,1369.892717518689,1371.6431919026134,1352.8363861734367,1358.447021484375,3053981,0.0,0.0
2022-10-31 00:00:00+05:30,1373.7079380791174,1388.205841518274,1373.7079380791174,1380.3509521484375,4542336,0.0,0.0
2022-11-01 00:00:00+05:30,1394.1754919196,1413.879997898497,1388.834101733467,1412.0845947265625,4542692,0.0,0.0
2022-11-02 00:00:00+05:30,1411.1870015279026,1411.8602777690894,1386.9490568451713,1394.4000244140625,2938906,0.0,0.0
2022-11-03 00:00:00+05:30,1381.3384738631173,1385.9616594777258,1365.9877968987141,1374.1568603515625,3174027,0.0,0.0
2022-11-04 00:00:00+05:30,1364.9103708165444,1364.9103708165444,1347.5847954712758,1359.1202392578125,4509682,0.0,0.0
2022-11-07 00:00:00+05:30,1365.7633606565107,1371.598421588422,1338.5629558638961,1353.2403564453125,4898592,0.0,0.0
2022-11-09 00:00:00+05:30,1372.5856991457824,1372.5856991457824,1347.5398034514983,1356.6065673828125,3334755,0.0,0.0
2022-11-10 00:00:00+05:30,1333.0870997451718,1357.3250470132657,1333.0870997451718,1348.3031005859375,3435763,0.0,0.0
2022-11-11 00:00:00+05:30,1388.430263614367,1412.5335307351531,1388.430263614367,1409.4813232421875,7214098,0.0,0.0
2022-11-14 00:00:00+05:30,1414.0148924987643,1428.602545514008,1408.000225198226,1423.1265869140625,4908813,0.0,0.0
2022-11-15 00:00:00+05:30,1416.4386189277827,1434.392653098893,1411.8603621306952,1430.9365234375,3497614,0.0,0.0
2022-11-16 00:00:00+05:30,1433.7642672771042,1444.4020103215976,1430.4876342122222,1438.8363037109375,4497697,0.0,0.0
2022-11-17 00:00:00+05:30,1433.8090069491304,1438.8362237690626,1421.0167586560885,1425.0115966796875,3469515,0.0,0.0
2022-11-18 00:00:00+05:30,1428.8717905380126,1434.527355233414,1414.3290664394517,1430.39794921875,3126064,0.0,0.0
2022-11-21 00:00:00+05:30,1420.2538323357628,1425.4156170914362,1404.0503824610678,1407.7757568359375,3071764,0.0,0.0
2022-11-22 00:00:00+05:30,1408.4938228981273,1425.550153449475,1402.2099116423676,1422.9019775390625,3399329,0.0,0.0
2022-11-23 00:00:00+05:30,1426.3581957002846,1429.1410489418556,1417.7402816433105,1421.1964111328125,3245067,0.0,0.0
2022-11-24 00:00:00+05:30,1426.4479469523692,1468.639925244856,1422.6327148727294,1463.07421875,5282215,0.0,0.0
2022-11-25 00:00:00+05:30,1464.510573443889,1475.8215929330347,1448.7110454604212,1468.3258056640625,4563255,0.0,0.0
2022-11-28 00:00:00+05:30,1461.458507862271,1484.3499034092538,1454.2768935730214,1457.3291015625,3825766,0.0,0.0
2022-11-29 00:00:00+05:30,1455.3538334700106,1471.1085408527335,1449.8330561316118,1462.40087890625,3131710,0.0,0.0
2022-11-30 00:00:00+05:30,1454.231619954078,1477.3923643802111,1448.1273150047618,1467.6971435546875,11868134,0.0,0.0
2022-12-01 00:00:00+05:30,1486.7735894799405,1501.49592004661,1483.2726403329877,1487.58154296875,5407928,0.0,0.0
2022-12-02 00:00:00+05:30,1486.5940827164045,1491.800796645968,1466.799715499316,1470.345703125,4283343,0.0,0.0
2022-12-05 00:00:00+05:30,1470.4353696971718,1476.5846043633042,1457.2391986740056,1472.00634765625,3824966,0.0,0.0
2022-12-06 00:00:00+05:30,1458.7651217066502,1459.6628233200083,1443.1002723866409,1447.9029541015625,4822398,0.0,0.0
2022-12-07 00:00:00+05:30,1443.5043861676659,1457.6881173772813,1433.3603127551614,1441.2601318359375,4898087,0.0,0.0
2022-12-08 00:00:00+05:30,1441.260146588349,1457.7778805554876,1434.976234395189,1454.4114990234375,4206837,0.0,0.0
2022-12-09 00:00:00+05:30,1461.4582243868986,1461.4582243868986,1401.4019646254637,1408.76318359375,8880658,0.0,0.0
2022-12-12 00:00:00+05:30,1391.437558650479,1405.7558561467295,1373.5284545512598,1388.9239501953125,8037679,0.0,0.0
2022-12-13 00:00:00+05:30,1388.9239336053154,1416.1243371309986,1383.4929044328283,1411.3216552734375,6135067,0.0,0.0
2022-12-14 00:00:00+05:30,1420.164080614015,1425.9991416279158,1412.0847653639985,1417.830078125,4976020,0.0,0.0
2022-12-15 00:00:00+05:30,1408.7631514270713,1409.3914987080593,1378.19636840226,1382.9093017578125,6443866,0.0,0.0
2022-12-16 00:00:00+05:30,1368.9950538345975,1390.9887448634156,1357.369860981026,1366.4814453125,9630453,0.0,0.0
2022-12-19 00:00:00+05:30,1353.689233868756,1361.7237298285659,1342.1089696118938,1353.150634765625,6222740,0.0,0.0
2022-12-20 00:00:00+05:30,1347.4502703396117,1360.9157960258838,1330.797859741164,1353.1058349609375,7396259,0.0,0.0
2022-12-21 00:00:00+05:30,1360.0180406581342,1365.4042507201466,1348.662092527513,1355.1256103515625,6236361,0.0,0.0
2022-12-22 00:00:00+05:30,1365.8531440573202,1373.4386796309227,1357.100552434212,1366.346923828125,6302640,0.0,0.0
2022-12-23 00:00:00+05:30,1354.3624137356346,1355.4397214479377,1340.268541890437,1343.9490966796875,6283822,0.0,0.0
2022-12-26 00:00:00+05:30,1347.0014980506858,1355.439916556154,1343.2760138103065,1348.7071533203125,4115459,0.0,0.0
2022-12-27 00:00:00+05:30,1355.484662525693,1365.8082322618604,1344.3083199922382,1359.8834228515625,4860076,0.0,0.0
2022-12-28 00:00:00+05:30,1351.1307473515324,1368.9501033965662,1345.2059383085596,1355.6641845703125,5029860,0.0,0.0
2022-12-29 00:00:00+05:30,1350.1433491771486,1365.673632332556,1347.4502440923538,1362.3072509765625,4624745,0.0,0.0
2022-12-30 00:00:00+05:30,1371.688234257162,1373.8427403112848,1350.1883218006867,1353.9136962890625,5060544,0.0,0.0
2023-01-02 00:00:00+05:30,1359.1202737002234,1370.341544123772,1350.1881862761663,1368.0972900390625,3801140,0.0,0.0
2023-01-03 00:00:00+05:30,1364.3719160112378,1375.862541681665,1360.1078329075388,1366.7957763671875,4551130,0.0,0.0
2023-01-04 00:00:00+05:30,1365.4042617792377,1365.4042617792377,1338.5629595029297,1341.884521484375,7059590,0.0,0.0
2023-01-05 00:00:00+05:30,1351.8489350836053,1351.8489350836053,1318.948147732721,1324.2894287109375,9868404,0.0,0.0
2023-01-06 00:00:00+05:30,1319.6215095559523,1324.1100180918568,1298.5255194372007,1300.3209228515625,6443714,0.0,0.0
2023-01-09 00:00:00+05:30,1300.051455589557,1336.9918995481128,1300.051455589557,1332.5931396484375,11498717,0.0,0.0
2023-01-10 00:00:00+05:30,1330.3936945523792,1332.0993494106547,1305.30298011101,1319.3968505859375,7158624,0.0,0.0
2023-01-11 00:00:00+05:30,1319.6216471630735,1341.1664903820624,1314.2354363583263,1320.7437744140625,6173092,0.0,0.0
2023-01-12 00:00:00+05:30,1330.348960311909,1333.0869942679058,1306.1559438786553,1329.1370849609375,6591385,0.0,0.0
2023-01-13 00:00:00+05:30,1331.7403914839063,1363.9679024832087,1317.8260159746374,1349.8291015625,11610426,0.0,0.0
2023-01-16 00:00:00+05:30,1355.5295931085607,1371.6882240197885,1348.617333718516,1369.4439697265625,6073063,0.0,0.0
2023-01-17 00:00:00+05:30,1370.7903268138245,1384.4353471376285,1368.0972220460174,1382.0115966796875,5922644,0.0,0.0
2023-01-18 00:00:00+05:30,1386.7248215371396,1393.098482244262,1382.1016354639867,1387.308349609375,5843098,0.0,0.0
2023-01-19 00:00:00+05:30,1382.3708462159693,1391.0336893900567,1370.0274480510775,1381.47314453125,6165284,0.0,0.0
2023-01-20 00:00:00+05:30,1380.6653571577747,1386.9492697066073,1368.0975320601096,1369.489013671875,6496429,0.0,0.0
2023-01-23 00:00:00+05:30,1377.9720899793838,1394.4000746897525,1371.777926420586,1389.6422119140625,4855020,0.0,0.0
2023-01-24 00:00:00+05:30,1400.4144270919162,1408.3142446162876,1391.2129861446776,1393.14306640625,5200802,0.0,0.0
2023-01-25 00:00:00+05:30,1388.744493228618,1396.8238083152746,1381.338454399183,1385.1536865234375,4158617,0.0,0.0
2023-01-27 00:00:00+05:30,1387.8467984858346,1392.2903779726057,1353.1955355242728,1363.7435302734375,6209955,0.0,0.0
2023-01-30 00:00:00+05:30,1372.406405831687,1386.051427868807,1364.5065870211054,1381.3834228515625,6964719,0.0,0.0
2023-01-31 00:00:00+05:30,1390.450178190422,1390.450178190422,1358.2226654027863,1376.8499755859375,9448126,0.0,0.0
2023-02-01 00:00:00+05:30,1384.43560335875,1395.9711585819437,1371.733211185899,1392.4251708984375,6194199,0.0,0.0
2023-02-02 00:00:00+05:30,1393.233077644041,1424.6077091096986,1393.233077644041,1421.735107421875,6916834,0.0,0.0
2023-02-03 00:00:00+05:30,1434.0782806205177,1440.4968688634683,1412.0845918097493,1435.783935546875,7040194,0.0,0.0
2023-02-06 00:00:00+05:30,1434.5272821728975,1434.5272821728975,1401.8509191605494,1409.2569580078125,4570612,0.0,0.0
2023-02-07 00:00:00+05:30,1408.494023406654,1414.822864476851,1396.0159473630506,1402.5692138671875,4336238,0.0,0.0
2023-02-08 00:00:00+05:30,1405.3520131355485,1439.0158269283195,1405.3520131355485,1427.7945556640625,7983338,0.0,0.0
2023-02-09 00:00:00+05:30,1432.9113793663391,1454.0522977867906,1423.79979497045,1451.5836181640625,6904911,0.0,0.0
2023-02-10 00:00:00+05:30,1447.9478465069383,1450.955234729636,1433.1357691390035,1443.998046875,4786762,0.0,0.0
2023-02-13 00:00:00+05:30,1433.6296691341104,1433.6296691341104,1405.8009153813505,1407.1025390625,4001199,0.0,0.0
2023-02-14 00:00:00+05:30,1422.5879119088431,1432.7319854635768,1416.7080312269122,1430.2633056640625,5043736,0.0,0.0
2023-02-15 00:00:00+05:30,1421.9595093920875,1435.4250350492096,1414.7778957082892,1433.674560546875,3465747,0.0,0.0
2023-02-16 00:00:00+05:30,1436.3226917714796,1449.2944372484508,1434.3926112378667,1437.9385986328125,4290289,0.0,0.0
2023-02-17 00:00:00+05:30,1430.9365430163343,1431.8342447371726,1414.3290611808247,1421.780029296875,2857734,0.0,0.0
2023-02-20 00:00:00+05:30,1422.8122811217777,1439.0158408168427,1420.6129557658476,1429.5450439453125,2417716,0.0,0.0
2023-02-21 00:00:00+05:30,1435.155504627785,1437.8037900984118,1414.777722133191,1417.919677734375,2723288,0.0,0.0
2023-02-22 00:00:00+05:30,1403.1077157532914,1413.8801358358503,1396.1954567000723,1402.030517578125,3656244,0.0,0.0
2023-02-23 00:00:00+05:30,1409.256926645148,1409.256926645148,1389.7768444892642,1392.06591796875,4766854,0.0,0.0
2023-02-24 00:00:00+05:30,1400.4147296784008,1408.4940454265454,1386.949203431493,1392.021240234375,2790986,0.0,0.0
2023-02-27 00:00:00+05:30,1382.4606439922532,1382.4606439922532,1348.3479787508859,1354.9012451171875,4920268,0.0,0.0
2023-02-28 00:00:00+05:30,1360.5566878842833,1368.0974041544362,1329.7655850233577,1335.376220703125,9679811,0.0,0.0
2023-03-01 00:00:00+05:30,1339.7300806437838,1347.3156164114991,1329.94510989306,1343.0067138671875,5125043,0.0,0.0
2023-03-02 00:00:00+05:30,1333.086834889281,1336.3185386330763,1317.1975608923722,1321.5513916015625,4644499,0.0,0.0
2023-03-03 00:00:00+05:30,1334.6579262232572,1337.3959600849184,1322.3145285534606,1327.9700927734375,4615015,0.0,0.0
2023-03-06 00:00:00+05:30,1341.6600924158531,1364.8656589746784,1340.4032881447426,1353.2403564453125,6561742,0.0,0.0
2023-03-08 00:00:00+05:30,1338.0692966126087,1342.961726985448,1329.585949900398,1339.999267578125,4137080,0.0,0.0
2023-03-09 00:00:00+05:30,1342.0639414577045,1345.0712200119858,1323.7508062262864,1328.95751953125,5104656,0.0,0.0
2023-03-10 00:00:00+05:30,1310.6443201947616,1323.4814967530424,1308.5347433767442,1321.0128173828125,3699580,0.0,0.0
2023-03-13 00:00:00+05:30,1314.4148468229184,1327.072529051493,1281.9180875951263,1288.291748046875,8798403,0.0,0.0
2023-03-14 00:00:00+05:30,1293.5881864305952,1300.1862721963982,1266.6571346659055,1274.7364501953125,7402784,0.0,0.0
2023-03-15 00:00:00+05:30,1290.894921852731,1295.2487527671929,1271.9085107865455,1274.422119140625,7556182,0.0,0.0
2023-03-16 00:00:00+05:30,1272.7614692311392,1272.7614692311392,1255.615279699322,1260.462890625,7323117,0.0,0.0
2023-03-17 00:00:00+05:30,1283.7134156369266,1295.2937893448818,1267.016186133299,1275.36474609375,9090018,0.0,0.0
2023-03-20 00:00:00+05:30,1274.4668824223245,1274.4668824223245,1243.1820044445224,1260.058837890625,8221829,0.0,0.0
2023-03-21 00:00:00+05:30,1255.8848065948691,1261.2710173450973,1247.805490469527,1248.433837890625,8536755,0.0,0.0
2023-03-22 00:00:00+05:30,1259.4753551088436,1263.2905869400715,1240.758298512187,1247.1319580078125,8356487,0.0,0.0
2023-03-23 00:00:00+05:30,1242.3742213827816,1242.3742213827816,1229.851326526063,1233.9359130859375,7607718,0.0,0.0
2023-03-24 00:00:00+05:30,1246.0098280458892,1255.8396167899662,1236.583961191075,1239.4117431640625,7559127,0.0,0.0
2023-03-27 00:00:00+05:30,1244.4389202610448,1252.9670859905164,1233.5318232273341,1246.8626708984375,4170193,0.0,0.0
2023-03-28 00:00:00+05:30,1249.6906260051426,1254.987088423621,1235.1029720803328,1236.6739501953125,6633366,0.0,0.0
2023-03-29 00:00:00+05:30,1237.930550460286,1247.7155201650944,1224.958805711683,1242.01513671875,8813966,0.0,0.0
2023-03-31 00:00:00+05:30,1260.3730158390927,1283.6683279611534,1251.3062518154823,1281.8729248046875,8711975,0.0,0.0
2023-04-03 00:00:00+05:30,1288.2018554237902,1288.2018554237902,1261.4054833442367,1266.5223388671875,5242764,0.0,0.0
2023-04-05 00:00:00+05:30,1256.7823002469104,1281.469095430332,1256.7823002469104,1277.9232177734375,7506334,0.0,0.0
2023-04-06 00:00:00+05:30,1271.1455548730469,1282.277077411361,1266.073518560293,1276.4420166015625,6948465,0.0,0.0
2023-04-10 00:00:00+05:30,1278.2822049918059,1287.304150296638,1270.247819156027,1281.558837890625,4993788,0.0,0.0
2023-04-11 00:00:00+05:30,1282.7259356078043,1286.7206641982061,1246.907617130072,1262.30322265625,6942255,0.0,0.0
2023-04-12 00:00:00+05:30,1268.4974270475386,1285.059979527605,1256.7823760661174,1282.1873779296875,5831169,0.0,0.0
2023-04-13 00:00:00+05:30,1265.5348481010121,1266.7019040302373,1241.5213299689306,1247.0870361328125,11267238,0.0,0.0
2023-04-17 00:00:00+05:30,1122.396511196189,1132.1365530010617,1064.0458990402255,1129.578125,53171705,0.0,0.0
2023-04-18 00:00:00+05:30,1140.0362461201344,1140.0362461201344,1124.909994178881,1130.5206298828125,12430884,0.0,0.0
2023-04-19 00:00:00+05:30,1126.0320630409092,1126.0320630409092,1103.6344503031144,1106.14794921875,11307230,0.0,0.0
2023-04-20 00:00:00+05:30,1104.801324932899,1111.2199133454824,1096.452765729637,1098.2481689453125,8621249,0.0,0.0
2023-04-21 00:00:00+05:30,1102.467587891287,1107.0907742004015,1095.1962250350616,1101.7943115234375,8691352,0.0,0.0
2023-04-24 00:00:00+05:30,1102.3776114514949,1104.1730147274745,1093.4005950715969,1100.8515625,8313774,0.0,0.0
2023-04-25 00:00:00+05:30,1100.537247505562,1109.110341734084,1090.7074586862907,1099.5947265625,6808576,0.0,0.0
2023-04-26 00:00:00+05:30,1102.3776768107684,1106.8661852668383,1095.6898430443146,1101.9737548828125,5680192,0.0,0.0
2023-04-27 00:00:00+05:30,1104.1729691026203,1120.152101431663,1100.0435636550399,1118.7606201171875,8020704,0.0,0.0
2023-04-28 00:00:00+05:30,1127.2438790677813,1130.2063382433646,1117.5935866641942,1124.595703125,10118277,0.0,0.0
2023-05-02 00:00:00+05:30,1126.2116409241175,1148.833678512012,1126.2116409241175,1146.7689208984375,8886401,0.0,0.0
2023-05-03 00:00:00+05:30,1136.4904547779106,1142.3255163545746,1132.989395915365,1139.3182373046875,5549783,0.0,0.0
2023-05-04 00:00:00+05:30,1139.138672468051,1145.2880175570444,1133.3485396037659,1143.2681884765625,4505401,0.0,0.0
2023-05-05 00:00:00+05:30,1148.1604275980321,1148.1604275980321,1125.9423114267645,1130.296142578125,5373791,0.0,0.0
2023-05-08 00:00:00+05:30,1133.303321607686,1140.3503667127331,1126.7949851195513,1136.131103515625,5260842,0.0,0.0
2023-05-09 00:00:00+05:30,1136.4904402427994,1141.876650860064,1131.7325770311218,1140.7095947265625,4969897,0.0,0.0
2023-05-10 00:00:00+05:30,1145.8264050289897,1145.8264050289897,1130.3410516063245,1134.0216064453125,6515734,0.0,0.0
2023-05-11 00:00:00+05:30,1140.305527683217,1145.3775639523772,1124.8651030446258,1127.60302734375,6888461,0.0,0.0
2023-05-12 00:00:00+05:30,1125.1342831512181,1127.513214317715,1112.2972159671344,1117.8179931640625,8292212,0.0,0.0
2023-05-15 00:00:00+05:30,1122.0373891886634,1139.0937216777986,1118.2221569213568,1129.6229248046875,5534710,0.0,0.0
2023-05-16 00:00:00+05:30,1135.5927028546282,1143.6270896069495,1133.5728739365072,1134.96435546875,5236469,0.0,0.0
2023-05-17 00:00:00+05:30,1131.6427073715677,1131.9568810406574,1115.3494000856915,1119.34423828125,10465667,0.0,0.0
2023-05-18 00:00:00+05:30,1129.8473970507112,1130.7900277183155,1115.3494919176374,1118.536376953125,6948732,0.0,0.0
2023-05-19 00:00:00+05:30,1127.5581838226922,1143.043537044953,1124.6406535054546,1139.0936279296875,11094136,0.0,0.0
2023-05-22 00:00:00+05:30,1142.7293613064382,1163.0623271928262,1140.3056104941186,1160.548828125,7625947,0.0,0.0
2023-05-23 00:00:00+05:30,1166.293872811124,1179.7145774568664,1164.3639020407309,1167.0570068359375,7436031,0.0,0.0
2023-05-24 00:00:00+05:30,1163.6907159656682,1171.500676643536,1159.202207626038,1165.80029296875,4824077,0.0,0.0
2023-05-25 00:00:00+05:30,1162.0747750049484,1173.2960455245018,1157.361841386736,1170.9171142578125,4334121,0.0,0.0
2023-05-26 00:00:00+05:30,1172.398240823531,1188.0630892587246,1172.398240823531,1182.6768798828125,5521606,0.0,0.0
2023-05-29 00:00:00+05:30,1196.3669615854992,1196.3669615854992,1175.8545005172648,1179.9390869140625,4419365,0.0,0.0
2023-05-30 00:00:00+05:30,1180.4776039676979,1190.7114241239608,1175.2260715243845,1188.4222412109375,6274719,0.0,0.0
2023-05-31 00:00:00+05:30,1184.8315574211917,1194.9307014660071,1179.7147016049091,1183.440185546875,17800782,0.0,0.0
2023-06-01 00:00:00+05:30,1187.255245513223,1193.4942275405426,1183.2604078098132,1184.5172119140625,4277841,0.0,0.0
2023-06-02 00:00:00+05:30,1190.8858847438232,1194.4340008819925,1179.104437792939,1181.7882080078125,10909311,17.5,0.0
2023-06-05 00:00:00+05:30,1186.3368642798964,1191.2950529177192,1180.2414662246276,1186.791748046875,5002553,0.0,0.0
2023-06-06 00:00:00+05:30,1172.3265202842344,1172.3265202842344,1158.134167776339,1163.5927734375,10008100,0.0,0.0
2023-06-07 00:00:00+05:30,1174.0550816558036,1177.2392682391398,1166.7769408938925,1172.6448974609375,5397578,0.0,0.0
2023-06-08 00:00:00+05:30,1170.143170160564,1175.419867237597,1165.503377106278,1167.050048828125,5034942,0.0,0.0
2023-06-09 00:00:00+05:30,1166.777036268273,1166.777036268273,1149.9463343805824,1151.7203369140625,5339073,0.0,0.0
2023-06-12 00:00:00+05:30,1158.5890989066725,1178.7858962557063,1158.1342150829948,1175.374267578125,4785588,0.0,0.0
2023-06-13 00:00:00+05:30,1182.606802691583,1188.6112460171735,1180.0139875118512,1187.110107421875,4846587,0.0,0.0
2023-06-14 00:00:00+05:30,1188.474840185205,1188.7932366228665,1176.5113744554915,1183.061767578125,3457981,0.0,0.0
2023-06-15 00:00:00+05:30,1177.1937141878004,1177.1937141878004,1166.9134071805377,1170.68896484375,6161155,0.0,0.0
2023-06-16 00:00:00+05:30,1170.8708768960637,1184.0625068222432,1165.4578042106698,1175.101318359375,8536287,0.0,0.0
2023-06-19 00:00:00+05:30,1177.2392578125,1182.2429795419966,1170.9164175038359,1177.2392578125,4451787,0.0,0.0
2023-06-20 00:00:00+05:30,1177.239178669295,1187.24662145551,1174.6008306327171,1185.791015625,4009180,0.0,0.0
2023-06-21 00:00:00+05:30,1182.6522836320391,1186.154977548267,1178.1489786763307,1182.1064453125,4041529,0.0,0.0
2023-06-22 00:00:00+05:30,1173.0544960395678,1173.0544960395678,1158.589167380581,1165.912841796875,6676607,0.0,0.0
2023-06-23 00:00:00+05:30,1161.27275111336,1163.9110992338817,1149.354818354435,1150.85595703125,7239467,0.0,0.0
2023-06-26 00:00:00+05:30,1155.6324341119628,1159.044063025893,1148.3542924289115,1155.723388671875,3403244,0.0,0.0
2023-06-27 00:00:00+05:30,1164.502650447375,1166.3221858386987,1159.2259533902843,1163.7293701171875,3240024,0.0,0.0
2023-06-28 00:00:00+05:30,1173.600249850804,1179.695648586696,1165.7762703962558,1176.64794921875,5662358,0.0,0.0
2023-06-30 00:00:00+05:30,1190.1578094473005,1218.0877385740087,1186.7461812925758,1214.9945068359375,12821692,0.0,0.0
2023-07-03 00:00:00+05:30,1209.9907163588139,1224.546995653356,1208.580532379916,1213.3568115234375,7732412,0.0,0.0
2023-07-04 00:00:00+05:30,1223.0006455219911,1224.5472060405089,1211.2646211133026,1223.77392578125,5797775,0.0,0.0
2023-07-05 00:00:00+05:30,1235.3278393695025,1235.4187939129251,1219.9982784398992,1225.7298583984375,5414936,0.0,0.0
2023-07-06 00:00:00+05:30,1221.4085546821386,1225.8663271465525,1216.4957873550766,1222.63671875,5963897,0.0,0.0
2023-07-07 00:00:00+05:30,1213.6300129632032,1224.365315371182,1205.7605007879629,1210.1728515625,6295647,0.0,0.0
2023-07-10 00:00:00+05:30,1215.9499539497926,1220.817188493727,1200.2564625432983,1209.2176513671875,3940315,0.0,0.0
2023-07-11 00:00:00+05:30,1213.129595917475,1229.0051076173486,1207.2616391546826,1226.91259765625,6126128,0.0,0.0
2023-07-12 00:00:00+05:30,1229.0961295664667,1229.914942685519,1207.2617053550714,1212.9932861328125,8102770,0.0,0.0
2023-07-13 00:00:00+05:30,1214.448888824335,1252.5681765318216,1210.7642853266614,1241.923828125,9977644,0.0,0.0
2023-07-14 00:00:00+05:30,1256.0706748916025,1300.9676843031073,1256.0706748916025,1297.2830810546875,12833381,0.0,0.0
2023-07-17 00:00:00+05:30,1297.282891302177,1327.3052180870611,1286.6841890241146,1294.5535888671875,11569884,0.0,0.0
2023-07-18 00:00:00+05:30,1304.6067308473641,1344.5909722136412,1300.0578928736984,1342.089111328125,16743977,0.0,0.0
2023-07-19 00:00:00+05:30,1351.9146708665796,1363.559740717556,1328.8975058703597,1341.8616943359375,13687062,0.0,0.0
2023-07-20 00:00:00+05:30,1338.2682570700565,1338.2682570700565,1310.7022519481309,1318.708251953125,8347221,0.0,0.0
2023-07-21 00:00:00+05:30,1201.075039161913,1228.186155763225,1187.2466172377842,1211.4464111328125,45548305,0.0,0.0
2023-07-24 00:00:00+05:30,1219.9984834822862,1228.0954382086932,1213.8575515184493,1215.9954833984375,8859789,0.0,0.0
2023-07-25 00:00:00+05:30,1216.359245637285,1221.681363730559,1204.759709076421,1214.17578125,6801982,0.0,0.0
2023-07-26 00:00:00+05:30,1221.817774817035,1228.186147433356,1218.5426339683336,1227.139892578125,5528885,0.0,0.0
2023-07-27 00:00:00+05:30,1236.0101907567564,1240.7410487249037,1225.5024420215238,1231.052001953125,9191861,0.0,0.0
2023-07-28 00:00:00+05:30,1231.6888321728816,1240.7865080925476,1215.4495028674003,1219.54345703125,6122735,0.0,0.0
2023-07-31 00:00:00+05:30,1227.0491075504592,1235.0095744205735,1212.9477090948283,1233.3719482421875,7902180,0.0,0.0
2023-08-01 00:00:00+05:30,1239.1034366209878,1245.471809643269,1234.55459874793,1242.0146484375,6064652,0.0,0.0
2023-08-02 00:00:00+05:30,1245.7446403783597,1248.1554353279967,1226.7758997952656,1234.41796875,7419145,0.0,0.0
2023-08-03 00:00:00+05:30,1228.1860815690566,1243.242777583865,1227.2763141012276,1241.19580078125,6503741,0.0,0.0
2023-08-04 00:00:00+05:30,1245.380890015176,1260.8469392172133,1239.1034713632262,1253.9781494140625,5712345,0.0,0.0
2023-08-07 00:00:00+05:30,1262.6664818373094,1269.1258096249944,1252.7499927266074,1267.3062744140625,3729093,0.0,0.0
2023-08-08 00:00:00+05:30,1267.1698175564386,1267.8067215289614,1259.482325527499,1264.7589111328125,4161877,0.0,0.0
2023-08-09 00:00:00+05:30,1259.1183508602219,1270.0355619948482,1257.7536994683937,1268.5799560546875,4090828,0.0,0.0
2023-08-10 00:00:00+05:30,1266.0325977609016,1269.853688398212,1260.5739920409878,1263.7581787109375,3873025,0.0,0.0
2023-08-11 00:00:00+05:30,1266.396413303026,1270.8087636526227,1243.6977576448737,1248.0645751953125,5783517,0.0,0.0
2023-08-14 00:00:00+05:30,1248.0646177377491,1269.1257591782453,1242.378570429603,1267.806640625,4304135,0.0,0.0
2023-08-16 00:00:00+05:30,1283.5002048304689,1291.824489722674,1278.5874374632606,1290.50537109375,7735313,0.0,0.0
2023-08-17 00:00:00+05:30,1291.8699868845008,1291.8699868845008,1279.1332405349353,1284.1824951171875,5618346,0.0,0.0
2023-08-18 00:00:00+05:30,1277.0408006474313,1281.589638878783,1261.0744450887594,1263.4853515625,5134103,0.0,0.0
2023-08-21 00:00:00+05:30,1264.3495172472738,1280.04300828704,1261.9841437074754,1278.58740234375,3032722,0.0,0.0
2023-08-22 00:00:00+05:30,1277.9505385325194,1279.178813670877,1270.6269757839684,1277.0863037109375,2890714,0.0,0.0
2023-08-23 00:00:00+05:30,1288.2310228104463,1288.7768612022073,1278.8149496217914,1280.9073486328125,2559125,0.0,0.0
2023-08-24 00:00:00+05:30,1293.2346518402169,1296.4643712635414,1286.8207457961107,1295.1451416015625,5171963,0.0,0.0
2023-08-25 00:00:00+05:30,1285.5016097963642,1294.14440193583,1284.0460038576823,1291.9609375,4307172,0.0,0.0
2023-08-28 00:00:00+05:30,1291.9610192819164,1296.2369938760085,1284.0460851385783,1287.91259765625,3133464,0.0,0.0
2023-08-29 00:00:00+05:30,1295.509057691945,1295.8729869417455,1287.594124022955,1289.7320556640625,3074444,0.0,0.0
2023-08-30 00:00:00+05:30,1298.2383261733323,1307.0176054605395,1295.5090234553786,1305.6529541015625,3070887,0.0,0.0
2023-08-31 00:00:00+05:30,1305.6529176191962,1314.523151204695,1299.739428562197,1305.92578125,9792735,0.0,0.0
2023-09-01 00:00:00+05:30,1301.8319683222358,1315.524015813637,1299.3301072963106,1313.5679931640625,3582133,0.0,0.0
2023-09-04 00:00:00+05:30,1312.794670582204,1337.3583962271932,1305.243554943164,1332.9005126953125,4609014,0.0,0.0
2023-09-05 00:00:00+05:30,1332.8094095252152,1346.5014550487228,1325.0763856474239,1345.4552001953125,5496840,0.0,0.0
2023-09-06 00:00:00+05:30,1348.184640888555,1349.094408496813,1331.2629855860807,1344.1361083984375,5075786,0.0,0.0
2023-09-07 00:00:00+05:30,1337.9042448716023,1340.4516386395803,1330.1257983242597,1333.9012451171875,4411743,0.0,0.0
2023-09-08 00:00:00+05:30,1331.4448248574233,1341.679709913553,1328.442547485381,1336.994384765625,3125838,0.0,0.0
2023-09-11 00:00:00+05:30,1336.994432557999,1344.6820353527714,1332.3546400444875,1343.226318359375,4182226,0.0,0.0
2023-09-12 00:00:00+05:30,1348.7304447397828,1368.2904478169532,1343.8176775697427,1365.652099609375,6793161,0.0,0.0
2023-09-13 00:00:00+05:30,1369.200367950324,1369.200367950324,1354.3256884896966,1363.150390625,4804686,0.0,0.0
2023-09-14 00:00:00+05:30,1369.200118850372,1376.068908054887,1363.878001064633,1370.97412109375,6444213,0.0,0.0
2023-09-15 00:00:00+05:30,1381.0272468920564,1381.3911761511094,1372.839338313645,1375.2047119140625,8657816,0.0,0.0
2023-09-18 00:00:00+05:30,1369.1092169496771,1369.1092169496771,1353.7341230453653,1357.1912841796875,3991916,0.0,0.0
2023-09-20 00:00:00+05:30,1342.9988490854248,1360.193478454991,1342.9988490854248,1355.7811279296875,4169337,0.0,0.0
2023-09-21 00:00:00+05:30,1352.4151068014573,1368.7909240446215,1342.8170139394665,1366.2435302734375,6779195,0.0,0.0
2023-09-22 00:00:00+05:30,1357.282291448548,1370.9742270619945,1351.1867819544711,1361.1488037109375,5455613,0.0,0.0
2023-09-25 00:00:00+05:30,1355.4170944618959,1355.4170944618959,1338.768415761757,1341.1337890625,4217863,0.0,0.0
2023-09-26 00:00:00+05:30,1345.6826275575102,1346.3649531864253,1327.3507901162034,1328.8519287109375,3996528,0.0,0.0
2023-09-27 00:00:00+05:30,1324.6215850268404,1336.994401796738,1319.2085123948889,1334.6290283203125,3863586,0.0,0.0
2023-09-28 00:00:00+05:30,1335.447772053514,1339.723634998435,1305.5163982722486,1309.5648193359375,5814602,0.0,0.0
2023-09-29 00:00:00+05:30,1302.8780821778992,1316.251731755555,1288.2308468786073,1305.92578125,6068968,0.0,0.0
2023-10-03 00:00:00+05:30,1306.4718796302209,1307.3361144764153,1292.143039127087,1304.6068115234375,4181867,0.0,0.0
2023-10-04 00:00:00+05:30,1296.41896651613,1319.117626104109,1290.232501762434,1314.02294921875,4510406,0.0,0.0
2023-10-05 00:00:00+05:30,1320.982497846701,1342.4985228636597,1319.3448718155562,1331.3992919921875,7384621,0.0,0.0
2023-10-06 00:00:00+05:30,1336.9034978713848,1350.5500119701062,1331.2629831328265,1345.2733154296875,3598672,0.0,0.0
2023-10-09 00:00:00+05:30,1332.718425809864,1356.46333522133,1330.261986939683,1342.31640625,3567552,0.0,0.0
2023-10-10 00:00:00+05:30,1350.0041284403374,1361.9220614766054,1336.5395238912695,1360.239013671875,5688951,0.0,0.0
2023-10-11 00:00:00+05:30,1361.922136312119,1381.2546983673178,1347.7752053035967,1359.5567626953125,7220129,0.0,0.0
2023-10-12 00:00:00+05:30,1357.2822909047482,1368.654385789573,1320.982541821264,1333.264404296875,11081662,0.0,0.0
2023-10-13 00:00:00+05:30,1278.2234711912276,1308.2458018313064,1273.6746332154582,1302.013916015625,17973439,0.0,0.0
2023-10-16 00:00:00+05:30,1302.8780961484347,1313.340423053773,1300.9676064898863,1304.7431640625,4850745,0.0,0.0
2023-10-17 00:00:00+05:30,1310.2928671016498,1322.2108011891066,1308.291422679862,1312.2943115234375,3923764,0.0,0.0
2023-10-18 00:00:00+05:30,1311.8849145317179,1322.8021260257406,1308.5642404911625,1310.5657958984375,4264837,0.0,0.0
2023-10-19 00:00:00+05:30,1297.4195403384058,1309.746935628435,1297.4195403384058,1304.288330078125,6795691,0.0,0.0
2023-10-20 00:00:00+05:30,1300.9676812379575,1308.700705916645,1296.6462850939854,1298.4658203125,3928622,0.0,0.0
2023-10-23 00:00:00+05:30,1296.964582762976,1303.1055136577397,1278.4508355358098,1281.5440673828125,2636516,0.0,0.0
2023-10-25 00:00:00+05:30,1289.2389333048216,1292.5104566531788,1254.4967997562355,1262.560302734375,6940777,18.0,0.0
2023-10-26 00:00:00+05:30,1248.7371699932087,1266.2003688015045,1246.9400932403355,1252.7918701171875,6357656,0.0,0.0
2023-10-27 00:00:00+05:30,1256.6623976967833,1276.3373223697179,1256.6623976967833,1272.0521240234375,4634358,0.0,0.0
2023-10-30 00:00:00+05:30,1272.0520110993787,1272.0520110993787,1256.1553924305153,1269.010986328125,2667696,0.0,0.0
2023-10-31 00:00:00+05:30,1271.6835518717269,1272.7894712580314,1256.0634389161826,1261.039794921875,3451595,0.0,0.0
2023-11-01 00:00:00+05:30,1265.3249033766447,1269.379603358429,1245.6038569027073,1247.90771484375,3090672,0.0,0.0
2023-11-02 00:00:00+05:30,1262.514333895597,1268.32010174213,1254.8194697606157,1262.652587890625,3758060,0.0,0.0
2023-11-03 00:00:00+05:30,1271.775812861255,1282.788209750896,1269.6562183795236,1280.0697021484375,3349045,0.0,0.0
2023-11-06 00:00:00+05:30,1284.5391312922866,1296.8417109189295,1281.6823697767961,1293.20166015625,2736381,0.0,0.0
2023-11-07 00:00:00+05:30,1290.1604881630135,1295.5976155760281,1285.4145181543718,1294.1231689453125,2272209,0.0,0.0
2023-11-08 00:00:00+05:30,1294.7683051059266,1294.7683051059266,1277.6736323081873,1281.86669921875,3550635,0.0,0.0
2023-11-09 00:00:00+05:30,1286.3821608724284,1287.8566074771882,1262.5602919196745,1266.9376220703125,5498051,0.0,0.0
2023-11-10 00:00:00+05:30,1262.4681428598753,1265.4171487849635,1254.2203756878132,1261.4544677734375,2943649,0.0,0.0
2023-11-13 00:00:00+05:30,1271.5912989072524,1273.9872886097166,1263.2974105189112,1265.78564453125,3462092,0.0,0.0
2023-11-15 00:00:00+05:30,1289.2389232333946,1303.062071087934,1283.7096640915788,1299.836669921875,8551860,0.0,0.0
2023-11-16 00:00:00+05:30,1304.9973516506468,1339.3709592887674,1299.9288638617754,1331.537841796875,6673907,0.0,0.0
2023-11-17 00:00:00+05:30,1327.9898053316556,1337.1591147047359,1322.4605464148888,1324.764404296875,4901251,0.0,0.0
2023-11-20 00:00:00+05:30,1328.8652717092657,1338.0807035519097,1321.1704086192708,1323.888916015625,3584210,0.0,0.0
2023-11-21 00:00:00+05:30,1328.8653376978914,1336.2376835381015,1324.0272357402534,1326.1007080078125,3793135,0.0,0.0
2023-11-22 00:00:00+05:30,1323.5202369954038,1344.4853438157159,1323.5202369954038,1343.4256591796875,3108786,0.0,0.0
2023-11-23 00:00:00+05:30,1352.733312304696,1352.733312304696,1334.1180718038254,1335.5465087890625,3186928,0.0,0.0
2023-11-24 00:00:00+05:30,1332.1369430585005,1338.679877895318,1321.3548191084903,1324.6263427734375,2973195,0.0,0.0
2023-11-28 00:00:00+05:30,1330.7084271755414,1331.6299704076575,1315.088314388403,1329.5103759765625,3755373,0.0,0.0
2023-11-29 00:00:00+05:30,1337.2514765802114,1346.0982698704156,1336.0535377713234,1345.0845947265625,3875778,0.0,0.0
2023-11-30 00:00:00+05:30,1339.2326879569457,1346.0521303013406,1335.8230230312827,1340.983642578125,10120867,0.0,0.0
2023-12-01 00:00:00+05:30,1345.3608832594507,1345.3608832594507,1332.6896647955414,1338.357177734375,3489187,0.0,0.0
2023-12-04 00:00:00+05:30,1345.8677509348179,1356.4194883018783,1335.592634024112,1349.4617919921875,5511948,0.0,0.0
2023-12-05 00:00:00+05:30,1350.798062419795,1351.8117374373267,1328.8652893459846,1339.877685546875,5123039,0.0,0.0
2023-12-06 00:00:00+05:30,1342.4580969426866,1361.1193473034825,1337.2053455420607,1358.6312255859375,5269178,0.0,0.0
2023-12-07 00:00:00+05:30,1357.2948166644478,1357.2948166644478,1347.1118322726165,1350.89013671875,4424453,0.0,0.0
2023-12-08 00:00:00+05:30,1355.0372784572535,1377.4307129471217,1351.2128512985264,1374.1593017578125,6323433,0.0,0.0
2023-12-11 00:00:00+05:30,1373.0992336100205,1380.4715784884636,1365.7268887315774,1371.7169189453125,3862018,0.0,0.0
2023-12-12 00:00:00+05:30,1361.5800891380788,1373.0993792323097,1352.5029110424384,1360.243896484375,6103494,0.0,0.0
2023-12-13 00:00:00+05:30,1360.19782972632,1360.2439518858023,1320.7097241735976,1335.316162109375,8549258,0.0,0.0
2023-12-14 00:00:00+05:30,1348.5864684779983,1392.4519064335434,1346.6972597427207,1383.651123046875,12489858,0.0,0.0
2023-12-15 00:00:00+05:30,1403.556330191334,1463.9174061115036,1401.6671217492806,1454.563720703125,18395389,0.0,0.0
2023-12-18 00:00:00+05:30,1444.9337442546357,1468.0184484698,1437.884028140626,1441.6162109375,6467243,0.0,0.0
2023-12-19 00:00:00+05:30,1446.9149134299466,1450.4628321473872,1422.1715017334877,1436.040771484375,4221721,0.0,0.0
2023-12-20 00:00:00+05:30,1442.2612442252062,1459.2636714338232,1409.9611097529205,1415.8590087890625,6592367,0.0,0.0
2023-12-21 00:00:00+05:30,1401.897594233354,1425.3048140325604,1401.897594233354,1415.4903564453125,5319038,0.0,0.0
2023-12-22 00:00:00+05:30,1414.522706978693,1443.1366686825568,1403.5103106025122,1440.2799072265625,6741060,0.0,0.0
2023-12-26 00:00:00+05:30,1414.5687619692478,1426.5488231455345,1403.5102439603677,1422.8165283203125,6878067,0.0,0.0
2023-12-27 00:00:00+05:30,1422.862643983342,1446.8227662265847,1422.862643983342,1444.1502685546875,4225849,0.0,0.0
2023-12-28 00:00:00+05:30,1445.855092876647,1445.855092876647,1432.9996108186176,1440.0494384765625,5702253,0.0,0.0
2023-12-29 00:00:00+05:30,1420.144166634131,1437.1004712006081,1419.1765012951132,1421.8489990234375,4388990,0.0,0.0
2024-01-01 00:00:00+05:30,1418.255071679868,1434.8428502960069,1414.7992844681723,1429.6361083984375,2808451,0.0,0.0
2024-01-02 00:00:00+05:30,1424.7057474638627,1427.6086309615123,1403.5102544550214,1414.015869140625,5396313,0.0,0.0
2024-01-03 00:00:00+05:30,1400.6995390215577,1400.6995390215577,1371.2562788380874,1373.099365234375,7550363,0.0,0.0
2024-01-04 00:00:00+05:30,1386.8763509676678,1400.5152349032498,1375.7718232468026,1394.018310546875,7056038,0.0,0.0
2024-01-05 00:00:00+05:30,1388.5351762892633,1418.8999788505123,1388.07440470264,1412.31103515625,8895403,0.0,0.0
2024-01-08 00:00:00+05:30,1408.9935731336889,1415.4904983479466,1394.525388427754,1403.326171875,4440136,0.0,0.0
2024-01-09 00:00:00+05:30,1420.9274616897512,1431.1565685607613,1406.1366485499625,1409.3160400390625,4412074,0.0,0.0
2024-01-10 00:00:00+05:30,1405.3072902245185,1414.983494047482,1386.9225479581153,1400.653564453125,4096845,0.0,0.0
2024-01-11 00:00:00+05:30,1405.2611686981993,1405.3533005143752,1369.9660211372372,1376.9697265625,11296088,0.0,0.0
2024-01-12 00:00:00+05:30,1439.450552270239,1491.056974118596,1433.3683893367258,1486.2188720703125,26754401,0.0,0.0
2024-01-15 00:00:00+05:30,1515.8923891628679,1534.3232525223632,1507.6446228067189,1522.4814453125,13228305,0.0,0.0
2024-01-16 00:00:00+05:30,1515.7541473392093,1519.1638118377712,1497.5075488240086,1503.543701171875,6500917,0.0,0.0
2024-01-17 00:00:00+05:30,1493.130273985418,1518.2423245739706,1493.130273985418,1511.5150146484375,9209876,0.0,0.0
2024-01-18 00:00:00+05:30,1513.7729287969016,1519.6247054977496,1500.5026844916376,1513.726806640625,6375464,0.0,0.0
2024-01-19 00:00:00+05:30,1522.0207083253042,1534.830181149936,1515.1552565650597,1529.0244140625,4522736,0.0,0.0
2024-01-23 00:00:00+05:30,1520.638356967558,1543.3082963711743,1509.2111992011553,1513.3121337890625,9401255,0.0,0.0
2024-01-24 00:00:00+05:30,1529.669692631178,1548.1926898142694,1515.9386754431387,1543.95361328125,8999681,0.0,0.0
2024-01-25 00:00:00+05:30,1541.6956238359799,1548.6994420250173,1527.9185982399085,1538.147705078125,8865304,0.0,0.0
2024-01-29 00:00:00+05:30,1534.5077798990815,1547.5936491768944,1518.3346507098104,1526.6285400390625,4253785,0.0,0.0
2024-01-30 00:00:00+05:30,1532.0194213135253,1557.4079810311105,1518.9335530973535,1521.8824462890625,4995943,0.0,0.0
2024-01-31 00:00:00+05:30,1518.93352092331,1536.442841049227,1509.5798353047996,1530.591064453125,6763779,0.0,0.0
2024-02-01 00:00:00+05:30,1529.3470709031976,1545.4279548337279,1520.8688059210901,1527.043212890625,5760011,0.0,0.0
2024-02-02 00:00:00+05:30,1535.3371760388302,1583.6720744845543,1534.3695106294924,1560.4952392578125,7858483,0.0,0.0
2024-02-05 00:00:00+05:30,1561.785455468717,1567.3147150838886,1549.8975247974827,1554.8277587890625,3634135,0.0,0.0
2024-02-06 00:00:00+05:30,1554.4129683538292,1597.034340689009,1542.6171705805966,1593.7628173828125,7694265,0.0,0.0
2024-02-07 00:00:00+05:30,1593.3481668011993,1593.3481668011993,1554.5050990563916,1560.86376953125,4613877,0.0,0.0
2024-02-08 00:00:00+05:30,1564.7803892211357,1572.4752526176906,1550.7729772594932,1559.34326171875,5919715,0.0,0.0
2024-02-09 00:00:00+05:30,1552.5237167662156,1560.0804381745947,1529.5773820750176,1538.3780517578125,4600004,0.0,0.0
2024-02-12 00:00:00+05:30,1539.2997433619348,1560.126598289278,1539.2997433619348,1548.2847900390625,3555808,0.0,0.0
2024-02-13 00:00:00+05:30,1550.9571831806093,1556.5785741207376,1532.9870910403704,1552.3856201171875,2696481,0.0,0.0
2024-02-14 00:00:00+05:30,1529.9460822117326,1538.470357405494,1507.1840085834583,1535.475341796875,3768579,0.0,0.0
2024-02-15 00:00:00+05:30,1545.428005093551,1555.3345948697918,1531.2362167759502,1544.8289794921875,4834391,0.0,0.0
2024-02-16 00:00:00+05:30,1556.4863775731233,1574.9172405402414,1555.5187122701257,1568.1439208984375,4880654,0.0,0.0
2024-02-19 00:00:00+05:30,1571.2310457966014,1577.2210761764713,1555.2883045575709,1566.3929443359375,3690993,0.0,0.0
2024-02-20 00:00:00+05:30,1552.800375906301,1561.324650966914,1537.8252980971156,1553.03076171875,3706389,0.0,0.0
2024-02-21 00:00:00+05:30,1542.6633157025528,1542.6633157025528,1516.2150708785946,1525.660888671875,4300508,0.0,0.0
2024-02-22 00:00:00+05:30,1534.3693157186938,1552.4315386183323,1515.3855496864917,1549.4365234375,5841277,0.0,0.0
2024-02-23 00:00:00+05:30,1563.8587905950133,1565.194983220865,1540.728079066558,1545.2896728515625,5373072,0.0,0.0
2024-02-26 00:00:00+05:30,1543.5386736406174,1543.5386736406174,1515.9385009458492,1529.89990234375,2782438,0.0,0.0
2024-02-27 00:00:00+05:30,1530.683233844853,1539.9907975363865,1523.1266247075048,1533.0792236328125,5159088,0.0,0.0
2024-02-28 00:00:00+05:30,1538.9770993537304,1555.3806128350852,1531.6508761234932,1540.1290283203125,3188916,0.0,0.0
2024-02-29 00:00:00+05:30,1534.369531530479,1550.2661528030922,1523.5875203601972,1542.5712890625,7814722,0.0,0.0
2024-03-01 00:00:00+05:30,1538.0556768856939,1540.7741844629486,1521.4678984651173,1524.8775634765625,6387291,0.0,0.0
2024-03-04 00:00:00+05:30,1527.7803779385492,1533.8625405850848,1505.479077403563,1508.75048828125,4445156,0.0,0.0
2024-03-05 00:00:00+05:30,1505.8015436860508,1508.8886908149464,1476.3121621695554,1480.4591064453125,4596579,0.0,0.0
2024-03-06 00:00:00+05:30,1477.049450044554,1493.0382016771937,1452.352047887815,1490.6422119140625,6420684,0.0,0.0
2024-03-07 00:00:00+05:30,1489.7667940250446,1500.6870590284748,1478.3396352373709,1489.6285400390625,6348359,0.0,0.0
2024-03-11 00:00:00+05:30,1481.9796685740168,1487.186409973432,1463.4105512344881,1475.02197265625,6752895,0.0,0.0
2024-03-12 00:00:00+05:30,1474.4693787752722,1497.5079628186359,1472.3037743738132,1486.4033203125,4614222,0.0,0.0
2024-03-13 00:00:00+05:30,1486.3569240580796,1497.0468017752844,1473.1328027552288,1484.974609375,5688997,0.0,0.0
2024-03-14 00:00:00+05:30,1487.7393497230903,1527.6882245455754,1481.8414508033693,1523.58740234375,8803799,0.0,0.0
2024-03-15 00:00:00+05:30,1512.3444475668186,1516.6757678865583,1491.3793408128192,1505.801513671875,11809997,0.0,0.0
2024-03-18 00:00:00+05:30,1502.11556344857,1504.5576756669025,1473.4094674521489,1476.911376953125,4958904,0.0,0.0
2024-03-19 00:00:00+05:30,1467.4194357537194,1473.5477211325924,1435.7644462317567,1438.9437255859375,6870411,0.0,0.0
2024-03-20 00:00:00+05:30,1440.3720813461923,1451.3844780457566,1430.5576233604784,1432.95361328125,4759059,0.0,0.0
2024-03-21 00:00:00+05:30,1441.2935411478331,1453.2274803947662,1422.3097740379771,1432.72314453125,11062497,0.0,0.0
2024-03-22 00:00:00+05:30,1401.6672315575609,1408.9474454626866,1380.6560012352104,1390.470458984375,14673890,0.0,0.0
2024-03-26 00:00:00+05:30,1374.9424783172167,1389.1802760076575,1371.164173630106,1375.54150390625,8351081,0.0,0.0
2024-03-27 00:00:00+05:30,1378.628657389427,1381.3932870499673,1365.3124028550521,1367.431884765625,6857402,0.0,0.0
2024-03-28 00:00:00+05:30,1370.4729789851785,1393.189041141791,1370.4729789851785,1380.517822265625,12499530,0.0,0.0
2024-04-01 00:00:00+05:30,1405.353474561426,1409.9150687111335,1375.6798265220143,1378.121826171875,6580002,0.0,0.0
2024-04-02 00:00:00+05:30,1368.353462463362,1376.0023163808078,1364.6672894897633,1366.5103759765625,7279400,0.0,0.0
2024-04-03 00:00:00+05:30,1362.9623414349414,1377.7991638971826,1359.2761687738598,1364.48291015625,8736248,0.0,0.0
2024-04-04 00:00:00+05:30,1373.6061364595587,1378.3059838522345,1352.82529419792,1370.05810546875,11186915,0.0,0.0
2024-04-05 00:00:00+05:30,1363.9299768430176,1370.0581487632178,1360.2438042627782,1363.054443359375,5072482,0.0,0.0
2024-04-08 00:00:00+05:30,1366.6485404880466,1373.9747637962018,1358.4467836601393,1360.8427734375,6610887,0.0,0.0
2024-04-09 00:00:00+05:30,1373.0993855776476,1395.0321590156452,1370.6112639030227,1377.56884765625,9423230,0.0,0.0
2024-04-10 00:00:00+05:30,1382.6372778632074,1391.3919380114644,1368.076963217734,1388.581298828125,6744595,0.0,0.0
2024-04-12 00:00:00+05:30,1386.001060258461,1388.581426378512,1363.423250433772,1368.2613525390625,12275616,0.0,0.0
2024-04-15 00:00:00+05:30,1363.884010132131,1374.8964069734686,1346.420810540168,1352.9637451171875,8531224,0.0,0.0
2024-04-16 00:00:00+05:30,1337.1591322439795,1340.9835588768526,1302.1866141339272,1303.4766845703125,16173541,0.0,0.0
2024-04-18 00:00:00+05:30,1309.6049788534715,1331.3533752077963,1297.072014216493,1307.900146484375,22107945,0.0,0.0
2024-04-19 00:00:00+05:30,1276.3374429978132,1314.9040067731753,1270.5777974969205,1300.5279541015625,20603621,0.0,0.0
2024-04-22 00:00:00+05:30,1308.4991354557612,1324.1192467826613,1302.1865874045059,1320.3409423828125,5859087,0.0,0.0
2024-04-23 00:00:00+05:30,1329.786912241484,1333.334831262017,1320.571479724218,1329.2340087890625,4856174,0.0,0.0
2024-04-24 00:00:00+05:30,1330.9848800805114,1330.9848800805114,1315.0882599841418,1318.4979248046875,4268213,0.0,0.0
2024-04-25 00:00:00+05:30,1308.5913232271268,1331.5377710414832,1308.5913232271268,1325.59375,9089398,0.0,0.0
2024-04-26 00:00:00+05:30,1326.7457701482465,1331.9986341616486,1315.0422158870554,1318.0372314453125,8062444,0.0,0.0
2024-04-29 00:00:00+05:30,1317.7606297548816,1326.8379201034072,1316.1940513407444,1322.18408203125,5055957,0.0,0.0
2024-04-30 00:00:00+05:30,1322.1380131744238,1323.8429581264434,1306.3336369406475,1309.0982666015625,6936588,0.0,0.0
2024-05-02 00:00:00+05:30,1302.1404919784582,1312.2774667921617,1301.0806948402314,1303.4766845703125,10076354,0.0,0.0
2024-05-03 00:00:00+05:30,1310.5266461015717,1313.0148803966708,1293.109456008172,1305.1817626953125,8842345,0.0,0.0
2024-05-06 00:00:00+05:30,1308.5914366893924,1332.27505360971,1305.9189387214822,1314.028564453125,6445422,0.0,0.0
2024-05-07 00:00:00+05:30,1313.1528923189749,1330.1093091097507,1304.5364861962978,1327.8975830078125,6080661,0.0,0.0
2024-05-08 00:00:00+05:30,1322.6449494254493,1326.7918940500197,1313.7520345652563,1315.3187255859375,6234983,0.0,0.0
2024-05-09 00:00:00+05:30,1315.5489046143746,1336.1913801730982,1313.060670734901,1326.607421875,6088406,0.0,0.0
2024-05-10 00:00:00+05:30,1322.460619610937,1323.289918499904,1302.1405469699123,1313.10693359375,8777481,0.0,0.0
2024-05-13 00:00:00+05:30,1313.198944644248,1313.198944644248,1300.4816046041549,1311.7705078125,3735954,0.0,0.0
2024-05-14 00:00:00+05:30,1314.489298423798,1321.2626187308836,1306.7944348778417,1312.922607421875,3463230,0.0,0.0
2024-05-15 00:00:00+05:30,1314.1206697254095,1319.4656655532185,1307.2552175350827,1308.5452880859375,4327544,0.0,0.0
2024-05-16 00:00:00+05:30,1321.4469884047705,1341.5366776212318,1315.0423073779823,1339.324951171875,9249145,0.0,0.0
2024-05-17 00:00:00+05:30,1342.6885398437046,1342.6885398437046,1326.33114685659,1330.9849853515625,7542860,0.0,0.0
2024-05-21 00:00:00+05:30,1317.8067987413262,1331.3534390178734,1316.332352094495,1321.6312255859375,6752663,0.0,0.0
2024-05-22 00:00:00+05:30,1316.6550066153582,1345.40711294369,1315.9638491315707,1340.6612548828125,7173285,0.0,0.0
2024-05-23 00:00:00+05:30,1340.5688666610595,1362.17912249703,1336.2376585581328,1356.8802490234375,8641428,0.0,0.0
2024-05-24 00:00:00+05:30,1353.0558377538796,1359.737026123514,1345.4531061608475,1350.1529541015625,5277938,0.0,0.0
2024-05-27 00:00:00+05:30,1356.373491379203,1363.5154519951307,1345.6836115365593,1355.9127197265625,5821844,0.0,0.0
2024-05-28 00:00:00+05:30,1359.7369459532367,1360.1977175377685,1345.7295347806962,1351.949951171875,6186922,0.0,0.0
2024-05-29 00:00:00+05:30,1350.4295268928772,1350.521658721026,1336.237738072663,1337.1131591796875,7401634,0.0,0.0
2024-05-30 00:00:00+05:30,1329.6025651299135,1336.0993771509409,1310.0197722599248,1315.456787109375,9663150,0.0,0.0
2024-05-31 00:00:00+05:30,1325.1858078435043,1350.5182603744363,1315.9739443356261,1322.4598388671875,37113815,28.0,0.0
2024-06-03 00:00:00+05:30,1353.5731158092904,1353.5731158092904,1319.7337879140582,1321.519775390625,10589244,0.0,0.0
2024-06-04 00:00:00+05:30,1324.4335719499218,1330.0734594103187,1276.8234990229753,1310.0048828125,13736134,0.0,0.0
2024-06-05 00:00:00+05:30,1316.1149378567663,1351.6932097544602,1316.1149378567663,1344.267333984375,9233424,0.0,0.0
2024-06-06 00:00:00+05:30,1358.2260359203012,1385.8145809499692,1351.2232206049546,1383.8875732421875,12660930,0.0,0.0
2024-06-07 00:00:00+05:30,1392.1124223339962,1447.289283385155,1388.5874921626576,1441.555419921875,24075302,0.0,0.0
2024-06-10 00:00:00+05:30,1433.753506313127,1437.9834221145236,1407.434030215548,1409.7369384765625,6810606,0.0,0.0
2024-06-11 00:00:00+05:30,1410.0190163300265,1416.0348049461413,1404.2850385180848,1405.97705078125,4853054,0.0,0.0
2024-06-12 00:00:00+05:30,1416.5518188986746,1418.1967861734406,1393.7572723769142,1396.0601806640625,9564320,0.0,0.0
2024-06-13 00:00:00+05:30,1405.27206045412,1414.6718735675256,1399.9611430962834,1404.2850341796875,7307565,0.0,0.0
2024-06-14 00:00:00+05:30,1413.4498626747718,1413.4498626747718,1396.8592841989566,1399.5382080078125,4237727,0.0,0.0
2024-06-18 00:00:00+05:30,1407.151975588544,1416.5517883847267,1405.6480284899164,1408.2799072265625,5420939,0.0,0.0
2024-06-19 00:00:00+05:30,1414.6718886285164,1424.6827126496337,1406.8699977638037,1420.6407470703125,5493456,0.0,0.0
2024-06-20 00:00:00+05:30,1425.2936379231433,1426.4215695435462,1409.125891319924,1424.4476318359375,7927010,0.0,0.0
2024-06-21 00:00:00+05:30,1452.271166938704,1464.2559289959652,1432.249518545518,1440.7093505859375,17301941,0.0,0.0
2024-06-24 00:00:00+05:30,1433.0486251290843,1437.325471461373,1424.4477727552649,1435.4925537109375,5564989,0.0,0.0
2024-06-25 00:00:00+05:30,1434.4115183965616,1451.237207255743,1429.1006009006553,1449.4041748046875,4551525,0.0,0.0
2024-06-26 00:00:00+05:30,1448.5112883548547,1455.89011914625,1442.8714001458156,1448.229248046875,4851004,0.0,0.0
2024-06-27 00:00:00+05:30,1446.114304702132,1483.6666295895413,1440.0985156795878,1478.919677734375,14757754,0.0,0.0
2024-06-28 00:00:00+05:30,1478.1677581888457,1493.160415233066,1470.3658668733547,1472.7158203125,8197544,0.0,0.0
2024-07-01 00:00:00+05:30,1465.900925341744,1503.8761950899986,1465.900925341744,1495.3223876953125,6801771,0.0,0.0
2024-07-02 00:00:00+05:30,1500.3983274471718,1535.7417213583608,1491.280553383894,1523.7569580078125,10493173,0.0,0.0
2024-07-03 00:00:00+05:30,1527.4696078755678,1537.809402144264,1509.609963229638,1529.7255859375,7269965,0.0,0.0
2024-07-04 00:00:00+05:30,1530.4775505601317,1560.3690026530594,1530.2896001922775,1551.5802001953125,8008311,0.0,0.0
2024-07-05 00:00:00+05:30,1552.332191113537,1565.8679458210338,1535.3185512266714,1548.572265625,7065022,0.0,0.0
2024-07-08 00:00:00+05:30,1544.4832231774994,1566.008817507365,1541.5693041489067,1561.919921875,5880533,0.0,0.0
2024-07-09 00:00:00+05:30,1560.2750121000736,1566.7138611771477,1551.9091554243114,1557.6900634765625,5191182,0.0,0.0
2024-07-10 00:00:00+05:30,1557.5489326244456,1573.5286138885465,1539.266343193334,1549.3240966796875,9852770,0.0,0.0
2024-07-11 00:00:00+05:30,1556.6091866425368,1565.0690191786375,1543.4964921091096,1553.5072021484375,8857679,0.0,0.0
2024-07-12 00:00:00+05:30,1579.1686539269024,1616.5329122564228,1566.6199259649964,1609.0130615234375,17078316,0.0,0.0
2024-07-15 00:00:00+05:30,1622.5957659620963,1624.2877782953476,1600.4592739409936,1604.59521484375,6942230,0.0,0.0
2024-07-16 00:00:00+05:30,1615.4519041715741,1633.593589888385,1597.9682742375035,1622.454833984375,6886281,0.0,0.0
2024-07-18 00:00:00+05:30,1615.827983176718,1659.4431419133819,1615.827983176718,1652.5343017578125,11248896,0.0,0.0
2024-07-19 00:00:00+05:30,1733.3255702708213,1733.3255702708213,1679.2295989019908,1685.3394775390625,29819116,0.0,0.0
2024-07-22 00:00:00+05:30,1692.1074068427617,1713.5859571917674,1685.3394724496927,1702.1651611328125,8462126,0.0,0.0
2024-07-23 00:00:00+05:30,1701.3662125939957,1729.5186076175692,1676.2217119382558,1726.6517333984375,7113056,0.0,0.0
2024-07-24 00:00:00+05:30,1727.2156416274588,1731.7745279912915,1710.3899533806657,1723.878662109375,6002845,0.0,0.0
2024-07-25 00:00:00+05:30,1710.7660645530111,1721.0118842620095,1703.246213719811,1715.324951171875,5815599,0.0,0.0
2024-07-26 00:00:00+05:30,1715.7949342558115,1769.9848820315087,1715.7949342558115,1766.1309814453125,11369047,0.0,0.0
2024-07-29 00:00:00+05:30,1779.9486525351583,1788.78450012986,1752.1252276626687,1758.799072265625,4635931,0.0,0.0
2024-07-30 00:00:00+05:30,1758.799150694115,1767.1179630223214,1748.3653802446454,1764.486083984375,2721265,0.0,0.0
2024-07-31 00:00:00+05:30,1764.344953812893,1772.0058245898792,1753.1122228334534,1756.1201171875,5004209,0.0,0.0
2024-08-01 00:00:00+05:30,1744.699358548906,1755.7911843622094,1734.3595637121655,1741.409423828125,7475014,0.0,0.0
2024-08-02 00:00:00+05:30,1732.3855594141,1747.895251074617,1707.147084115294,1711.8939208984375,7400938,0.0,0.0
2024-08-05 00:00:00+05:30,1677.8197340219435,1689.616546348778,1615.405061601391,1646.75341796875,10736703,0.0,0.0
2024-08-06 00:00:00+05:30,1654.5551502330297,1689.0994653436978,1640.126459251215,1646.0013427734375,7690163,0.0,0.0
2024-08-07 00:00:00+05:30,1688.206449501223,1689.9924369566963,1656.341059827465,1684.1175537109375,5094329,0.0,0.0
2024-08-08 00:00:00+05:30,1673.1196857214622,1673.1196857214622,1623.4416964698462,1638.5284423828125,6227910,0.0,0.0
2024-08-09 00:00:00+05:30,1664.9419144885312,1673.8717370362467,1650.6071993461458,1664.471923828125,4258524,0.0,0.0
2024-08-12 00:00:00+05:30,1666.6339385624474,1695.2563240862842,1661.9809621451984,1689.5224609375,4315329,0.0,0.0
2024-08-13 00:00:00+05:30,1701.366147109179,1701.366147109179,1681.673584839887,1689.5693359375,4176918,0.0,0.0
2024-08-14 00:00:00+05:30,1693.8464406687062,1715.4660123309595,1689.5694795075585,1713.821044921875,7450718,0.0,0.0
2024-08-16 00:00:00+05:30,1738.9653871768742,1750.1041425189478,1719.6957707243737,1747.378173828125,7335657,0.0,0.0
2024-08-19 00:00:00+05:30,1748.3653628246682,1755.46226812506,1738.2135180462226,1752.8773193359375,2585989,0.0,0.0
2024-08-20 00:00:00+05:30,1767.1647855371516,1772.5226328723743,1756.0729606665764,1759.8328857421875,3870333,0.0,0.0
2024-08-21 00:00:00+05:30,1762.5588344138969,1766.2247842698705,1755.0389843478197,1760.3028564453125,1966902,0.0,0.0
2024-08-22 00:00:00+05:30,1770.9248323444356,1779.9956751616294,1757.4830533776285,1767.39990234375,4300287,0.0,0.0
2024-08-23 00:00:00+05:30,1765.4729100507645,1769.6088509029312,1745.5453515046195,1750.3392333984375,5015935,0.0,0.0
2024-08-26 00:00:00+05:30,1757.7651122966831,1775.3897624868237,1752.125224235838,1763.5460205078125,3728589,0.0,0.0
2024-08-27 00:00:00+05:30,1763.54596510821,1788.5494451104064,1761.431007151832,1786.0584716796875,3830679,0.0,0.0
2024-08-28 00:00:00+05:30,1792.450420519267,1833.903574209478,1783.5205978872887,1822.7177734375,6514531,0.0,0.0
2024-08-29 00:00:00+05:30,1816.9840177451665,1833.4336919875568,1805.6102659320495,1817.31298828125,7228284,0.0,0.0
2024-08-30 00:00:00+05:30,1821.6839001205192,1832.9636765918535,1812.284086394407,1827.041748046875,13466759,0.0,0.0
2024-09-02 00:00:00+05:30,1826.712755054023,1857.1681741009113,1826.195834151735,1846.5933837890625,5573739,0.0,0.0
2024-09-03 00:00:00+05:30,1848.943412636329,1848.943412636329,1820.226934986873,1824.7388916015625,4694322,0.0,0.0
2024-09-04 00:00:00+05:30,1805.7981867712704,1811.5320501789129,1786.0116477811107,1807.067138671875,4778310,0.0,0.0
2024-09-05 00:00:00+05:30,1810.638983993486,1823.5637269032381,1794.9882723576418,1817.1248779296875,4081810,0.0,0.0
2024-09-06 00:00:00+05:30,1806.6441381891027,1820.2738676395406,1783.00358450389,1787.7034912109375,5848106,0.0,0.0
2024-09-09 00:00:00+05:30,1776.5648545358595,1805.5632579164233,1775.624873131343,1780.935791015625,4772612,0.0,0.0
2024-09-10 00:00:00+05:30,1790.5704823041315,1818.8638977650467,1782.2046254069915,1797.5263671875,6909600,0.0,0.0
2024-09-11 00:00:00+05:30,1799.7822173243185,1810.4040523138208,1790.6644442667855,1795.50537109375,5312946,0.0,0.0
2024-09-12 00:00:00+05:30,1809.464116978717,1838.9795546148218,1796.1164275717779,1833.3865966796875,8555092,0.0,0.0
2024-09-13 00:00:00+05:30,1833.3865832495185,1841.0474542218399,1819.4749280775688,1827.417724609375,3843127,0.0,0.0
2024-09-16 00:00:00+05:30,1828.9688141569388,1834.8436979233431,1817.0310962411352,1833.19873046875,1570181,0.0,0.0
2024-09-17 00:00:00+05:30,1830.8485176417557,1840.906271327735,1825.5846454813945,1835.3604736328125,2793127,0.0,0.0
2024-09-18 00:00:00+05:30,1822.388925387728,1822.388925387728,1768.3870402660307,1778.5858154296875,6385468,0.0,0.0
2024-09-19 00:00:00+05:30,1795.9282898631557,1809.370068657787,1766.036952686509,1780.5125732421875,7976570,0.0,0.0
2024-09-20 00:00:00+05:30,1790.6643987818527,1800.0642118988178,1755.3211244108263,1791.369384765625,15242974,0.0,0.0
2024-09-23 00:00:00+05:30,1794.4244980502351,1803.7303368872645,1765.7080202954846,1782.627685546875,3636672,0.0,0.0
2024-09-24 00:00:00+05:30,1774.6846588682515,1796.2102531560402,1759.0809925494216,1784.6484375,7277616,0.0,0.0
2024-09-25 00:00:00+05:30,1773.1337292502485,1787.4684442930745,1764.156976545127,1781.546630859375,4268341,0.0,0.0
2024-09-26 00:00:00+05:30,1783.8966765192179,1802.8372091877666,1779.384720079492,1786.1995849609375,8952803,0.0,0.0
2024-09-27 00:00:00+05:30,1816.1380763305222,1856.0872866298698,1789.0666803151419,1792.3095703125,14908931,0.0,0.0
2024-09-30 00:00:00+05:30,1767.1649937536263,1787.1395980713203,1758.2351706468926,1763.029052734375,6986955,0.0,0.0
2024-10-01 00:00:00+05:30,1762.464916843665,1794.3772357071236,1762.464916843665,1790.0533447265625,4029072,0.0,0.0
2024-10-03 00:00:00+05:30,1776.0946700907043,1797.1032292411892,1768.1048290238766,1779.7606201171875,7503887,0.0,0.0
2024-10-04 00:00:00+05:30,1776.1418246086153,1836.8175525476968,1772.8048448832324,1803.0252685546875,10001483,0.0,0.0
2024-10-07 00:00:00+05:30,1807.772048058558,1825.4437429610623,1801.0512733437376,1818.2059326171875,6112575,0.0,0.0
2024-10-08 00:00:00+05:30,1821.5898836675146,1840.436440915146,1791.9334261359113,1831.6007080078125,5637391,0.0,0.0
2024-10-09 00:00:00+05:30,1835.3606336116181,1858.3431317562972,1828.3577036972526,1835.548583984375,4857163,0.0,0.0
2024-10-10 00:00:00+05:30,1840.3893918331603,1846.1232547571165,1799.2181654069389,1803.8240966796875,4782119,0.0,0.0
2024-10-11 00:00:00+05:30,1802.8842276209207,1830.1436867455332,1795.4583520140732,1818.9578857421875,4709431,0.0,0.0
2024-10-14 00:00:00+05:30,1816.1849669571325,1851.2932470173037,1815.1979406537325,1841.3294677734375,3751378,0.0,0.0
2024-10-15 00:00:00+05:30,1842.3633853617557,1871.925751948734,1834.6085394794932,1841.7054443359375,5353705,0.0,0.0
2024-10-16 00:00:00+05:30,1837.6635261263593,1841.9404871358424,1801.3332242595482,1804.858154296875,3111512,0.0,0.0
2024-10-17 00:00:00+05:30,1819.0517651449982,1859.2830106666543,1814.304928428157,1849.9771728515625,8162822,0.0,0.0
2024-10-18 00:00:00+05:30,1780.1367445813487,1820.6028732629586,1757.0601563072833,1766.7889404296875,10526196,0.0,0.0
2024-10-21 00:00:00+05:30,1777.5986762175419,1784.8366013292746,1727.6856903747387,1741.5504150390625,4654601,0.0,0.0
2024-10-22 00:00:00+05:30,1746.6732140121014,1765.0969393741664,1736.098424337156,1740.4693603515625,4125240,0.0,0.0
2024-10-23 00:00:00+05:30,1734.5004417506527,1772.8046785756571,1733.3254651609286,1760.9609375,4311910,0.0,0.0
2024-10-24 00:00:00+05:30,1749.6812424897346,1770.9247972575436,1748.3652457001226,1751.51416015625,2906475,0.0,0.0
2024-10-25 00:00:00+05:30,1751.6082405232555,1763.7340231622866,1735.5816269882255,1750.2923583984375,4689120,0.0,0.0
2024-10-28 00:00:00+05:30,1748.0832475331754,1768.9509020729429,1745.5453438193326,1753.3941650390625,7018940,0.0,0.0
2024-10-29 00:00:00+05:30,1754.9629211020826,1760.2867290719619,1738.8012907344037,1748.5933837890625,4621252,21.0,0.0
2024-10-30 00:00:00+05:30,1741.653136738328,1748.3079249245552,1707.76122797984,1713.2276611328125,5919715,0.0,0.0
2024-10-31 00:00:00+05:30,1699.728089871948,1699.728089871948,1660.3697457491953,1670.589599609375,7395236,0.0,0.0
2024-11-01 00:00:00+05:30,1677.4821051581494,1678.9081313172524,1665.646134457717,1674.0120849609375,371966,0.0,0.0
2024-11-04 00:00:00+05:30,1639.4546463788554,1679.8587185569368,1633.275200045737,1676.6739501953125,7336722,0.0,0.0
2024-11-05 00:00:00+05:30,1673.2039554066878,1681.2371893406507,1658.9436944231081,1667.68994140625,3160880,0.0,0.0
2024-11-06 00:00:00+05:30,1677.0066599508023,1737.0898453384439,1675.723259696614,1733.762451171875,10421494,0.0,0.0
2024-11-07 00:00:00+05:30,1723.5427837627808,1735.6640066783782,1698.8725764841015,1714.131103515625,4550965,0.0,0.0
2024-11-08 00:00:00+05:30,1728.3437169759088,1749.829154713953,1723.7329222391422,1739.704345703125,4210960,0.0,0.0
2024-11-11 00:00:00+05:30,1738.8011800020988,1775.8778590726738,1732.669314114394,1768.367431640625,3804234,0.0,0.0
2024-11-12 00:00:00+05:30,1778.825053675029,1788.2368497786626,1769.223167165386,1776.6385498046875,5012450,0.0,0.0
2024-11-13 00:00:00+05:30,1769.3181384269985,1780.8213927172376,1764.7549244206982,1776.2581787109375,4257495,0.0,0.0
2024-11-14 00:00:00+05:30,1773.5961711004963,1783.4833086013102,1764.469627272938,1772.5980224609375,4311431,0.0,0.0
2024-11-18 00:00:00+05:30,1758.0049000608628,1758.0049000608628,1706.4778709351956,1722.1165771484375,4839244,0.0,0.0
2024-11-19 00:00:00+05:30,1735.4737552340218,1767.987103735295,1730.7679155470983,1734.7607421875,4669769,0.0,0.0
2024-11-21 00:00:00+05:30,1751.1601874214036,1774.9272909423237,1730.8155235974339,1743.602294921875,5436504,0.0,0.0
2024-11-22 00:00:00+05:30,1762.6633798054363,1819.6569616576032,1743.554652462339,1808.4388427734375,6301486,0.0,0.0
2024-11-25 00:00:00+05:30,1821.5106048142616,1824.647908539123,1789.187347735094,1796.507568359375,12764638,0.0,0.0
2024-11-26 00:00:00+05:30,1811.0057060152076,1842.996250535251,1803.7330651846873,1829.2589111328125,6850495,0.0,0.0
2024-11-27 00:00:00+05:30,1834.9153604909611,1845.6581372544963,1817.4703304442407,1829.591552734375,4447143,0.0,0.0
2024-11-28 00:00:00+05:30,1820.4648690644453,1820.4648690644453,1760.3341042723987,1765.0875244140625,8468790,0.0,0.0
2024-11-29 00:00:00+05:30,1759.811276019277,1784.4340168837268,1754.0121263454853,1766.2283935546875,5244346,0.0,0.0
2024-12-02 00:00:00+05:30,1767.3216723437565,1789.9479994533772,1744.6953452341356,1787.095947265625,2868263,0.0,0.0
2024-12-03 00:00:00+05:30,1793.9408410909798,1806.0620629902432,1778.8725217831325,1798.789306640625,4715792,0.0,0.0
2024-12-04 00:00:00+05:30,1791.0888644737497,1819.56180716774,1782.5327074778559,1796.0799560546875,4705573,0.0,0.0
2024-12-05 00:00:00+05:30,1806.2997139926326,1853.7388717964993,1795.7946087095554,1839.4310302734375,9050038,0.0,0.0
2024-12-06 00:00:00+05:30,1837.4821076532628,1842.3780374823932,1818.0881305684336,1827.594970703125,3573331,0.0,0.0
2024-12-09 00:00:00+05:30,1829.3062538776032,1835.0103583375276,1803.6377838079438,1828.783447265625,4274645,0.0,0.0
2024-12-10 00:00:00+05:30,1843.3764867481466,1868.664660829215,1836.721697987323,1852.45556640625,6174921,0.0,0.0
2024-12-11 00:00:00+05:30,1858.5873457085745,1880.4530791874988,1855.7352935156714,1876.79296875,5025612,0.0,0.0
2024-12-12 00:00:00+05:30,1877.791037372581,1900.227273174294,1873.370449502188,1889.0091552734375,6462130,0.0,0.0
2024-12-13 00:00:00+05:30,1872.6099443049989,1907.500003205855,1857.4465798294907,1901.0828857421875,5362693,0.0,0.0
2024-12-16 00:00:00+05:30,1897.0424188970678,1900.9877808683423,1880.072732013709,1882.4019775390625,3119221,0.0,0.0
2024-12-17 00:00:00+05:30,1870.9462106912868,1884.255787393359,1861.4393701898068,1879.1220703125,5811050,0.0,0.0
2024-12-18 00:00:00+05:30,1869.8055830579622,1887.060407082662,1864.861955978867,1881.5465087890625,3064095,0.0,0.0
2024-12-19 00:00:00+05:30,1838.623014099366,1863.1031292043601,1825.3134369549032,1850.2213134765625,5323592,0.0,0.0
2024-12-20 00:00:00+05:30,1877.7436779576376,1882.3068918972044,1816.9949422253026,1827.357421875,11056720,0.0,0.0
2024-12-23 00:00:00+05:30,1834.867922920088,1844.3271834459897,1814.855975875461,1829.4014892578125,2781793,0.0,0.0
2024-12-24 00:00:00+05:30,1832.0158786013108,1846.2285597653754,1749.2587795923225,1814.903564453125,2360544,0.0,0.0
2024-12-26 00:00:00+05:30,1814.9034908105154,1825.0757640546135,1808.4863732653307,1813.3348388671875,3623321,0.0,0.0
2024-12-27 00:00:00+05:30,1815.236249934069,1829.25884045684,1810.007487366256,1822.2237548828125,3937500,0.0,0.0
2024-12-30 00:00:00+05:30,1821.2254956591669,1821.510747311123,1793.4655661808106,1812.00390625,7789055,0.0,0.0
2024-12-31 00:00:00+05:30,1798.9794709559926,1803.4476395627287,1754.0596496753712,1787.2860107421875,3613063,0.0,0.0
2025-01-01 00:00:00+05:30,1781.5819053214227,1799.5973216045268,1781.5819053214227,1789.6627197265625,1838368,0.0,0.0
2025-01-02 00:00:00+05:30,1793.9408108770863,1865.8600828114977,1792.324694404524,1861.2967529296875,7083645,0.0,0.0
2025-01-03 00:00:00+05:30,1856.6384617090841,1856.6384617090841,1827.214835312903,1843.1387939453125,6218003,0.0,0.0
2025-01-06 00:00:00+05:30,1855.7352837034794,1875.69964894824,1832.9188662808956,1842.2830810546875,7164403,0.0,0.0
2025-01-07 00:00:00+05:30,1849.08049857111,1861.9623140172655,1828.7834170796311,1835.6282958984375,4294832,0.0,0.0
2025-01-08 00:00:00+05:30,1834.8202633622047,1842.9961231909604,1795.6045452981161,1837.81494140625,5482050,0.0,0.0
2025-01-09 00:00:00+05:30,1838.6705399259386,1855.5926464465324,1816.3294646707038,1822.74658203125,6833503,0.0,0.0
2025-01-10 00:00:00+05:30,1841.475056372847,1880.2630131182193,1836.9593070090002,1869.947998046875,8036913,0.0,0.0
2025-01-13 00:00:00+05:30,1859.538056114521,1885.0164358188285,1852.8832675701437,1865.4322509765625,5804152,0.0,0.0
2025-01-14 00:00:00+05:30,1871.7543886244132,1874.5589763818855,1835.8660634362316,1844.374755859375,5792162,0.0,0.0
2025-01-15 00:00:00+05:30,1850.981884706997,1861.4869901029845,1841.5700892018165,1853.501220703125,2985439,0.0,0.0
2025-01-16 00:00:00+05:30,1868.9973329214629,1869.948017007702,1822.3187674971882,1833.3466796875,7533579,0.0,0.0
2025-01-17 00:00:00+05:30,1759.7161759087412,1766.3709642563163,1722.6394979722525,1725.9193115234375,16409953,0.0,0.0
2025-01-20 00:00:00+05:30,1733.0494968108637,1737.8029172097529,1704.7191808636662,1723.87548828125,4333011,0.0,0.0
2025-01-21 00:00:00+05:30,1729.3418737355341,1741.3204695981628,1704.6240883474466,1711.896728515625,7169109,0.0,0.0
2025-01-22 00:00:00+05:30,1718.2664752007781,1773.7864501626696,1716.1274359637641,1764.8974609375,8373913,0.0,0.0
2025-01-23 00:00:00+05:30,1766.370941552174,1786.8582289789933,1761.3322697336553,1773.4534912109375,5907471,0.0,0.0
2025-01-24 00:00:00+05:30,1773.501188842313,1801.4513245969808,1772.312833717117,1782.96044921875,4887027,0.0,0.0
2025-01-27 00:00:00+05:30,1757.577160982871,1771.1244088768565,1722.6395216773292,1732.1463623046875,7652371,0.0,0.0
2025-01-28 00:00:00+05:30,1739.7519532584283,1771.5998715284597,1734.9034874184256,1739.5142822265625,6999495,0.0,0.0
2025-01-29 00:00:00+05:30,1754.0120684956396,1795.5094503993766,1749.7339902797964,1788.474365234375,5145155,0.0,0.0
2025-01-30 00:00:00+05:30,1780.7739533235829,1794.1309953598945,1753.0614884709362,1768.224853515625,7336056,0.0,0.0
2025-01-31 00:00:00+05:30,1778.729881094765,1803.875428129993,1778.729881094765,1787.095947265625,5820470,0.0,0.0
2025-02-01 00:00:00+05:30,1787.571323971164,1797.3633003755383,1754.9628135718901,1760.0489501953125,1701402,0.0,0.0
2025-02-03 00:00:00+05:30,1745.4559465267448,1784.0062318529979,1742.0335070965566,1771.40966796875,4823228,0.0,0.0
2025-02-04 00:00:00+05:30,1795.8421853594061,1816.947325024505,1782.5326085489075,1805.158935546875,7334787,0.0,0.0
2025-02-05 00:00:00+05:30,1812.0039378058837,1825.0282638663168,1800.880979990787,1803.495361328125,4996744,0.0,0.0
2025-02-06 00:00:00+05:30,1822.46137881177,1829.116167362465,1806.2997494743677,1821.177978515625,4765255,0.0,0.0
2025-02-07 00:00:00+05:30,1824.648004479721,1828.8309215990796,1796.2699917999128,1809.769775390625,4126260,0.0,0.0
2025-02-10 00:00:00+05:30,1811.0531389851265,1811.0531389851265,1785.9550565261386,1787.5712890625,3828734,0.0,0.0
2025-02-11 00:00:00+05:30,1790.2330622534764,1809.1516975397526,1777.779124750046,1783.1505126953125,4411601,0.0,0.0
2025-02-12 00:00:00+05:30,1792.0393905493213,1801.1659339967016,1755.91339753029,1771.2669677734375,5633947,0.0,0.0
2025-02-13 00:00:00+05:30,1776.353161119435,1781.1065814060805,1745.1232130462338,1752.348388671875,5237744,0.0,0.0
2025-02-14 00:00:00+05:30,1762.5681886374266,1767.606860408019,1738.1831200991312,1764.849853515625,5292961,0.0,0.0
2025-02-17 00:00:00+05:30,1747.880247229523,1761.3799146336082,1732.2890052365772,1751.4453125,4428956,0.0,0.0
2025-02-18 00:00:00+05:30,1751.445375977347,1769.8410902296603,1746.977091046225,1760.619384765625,4365260,0.0,0.0
2025-02-19 00:00:00+05:30,1756.2937934312417,1758.004955145868,1716.840404092615,1721.498779296875,4611411,0.0,0.0
2025-02-20 00:00:00+05:30,1716.5077280780874,1740.7025920720746,1716.5077280780874,1735.14111328125,2218020,0.0,0.0
2025-02-21 00:00:00+05:30,1731.956275207461,1739.6092122968646,1717.1255109603246,1725.4915771484375,3379879,0.0,0.0
2025-02-24 00:00:00+05:30,1711.2789698500455,1718.8368620656656,1663.9348549947076,1677.101806640625,7594720,0.0,0.0
2025-02-25 00:00:00+05:30,1659.0863139546623,1690.744023588038,1659.0863139546623,1680.524169921875,5092963,0.0,0.0
2025-02-27 00:00:00+05:30,1668.640674098442,1688.2723238346587,1664.7428925260701,1677.2919921875,5757079,0.0,0.0
2025-02-28 00:00:00+05:30,1668.4982752722037,1668.5457398498413,1599.4785126706022,1604.4696044921875,12182167,0.0,0.0
2025-03-03 00:00:00+05:30,1608.8427856333933,1643.3525496222132,1608.8427856333933,1624.3388671875,7504969,0.0,0.0
2025-03-04 00:00:00+05:30,1611.4094536632444,1615.212189837081,1587.642352576766,1605.0399169921875,6759673,0.0,0.0
2025-03-05 00:00:00+05:30,1608.9852468032536,1647.4879525703643,1608.9852468032536,1627.0958251953125,8180782,0.0,0.0
2025-03-06 00:00:00+05:30,1630.4231429408271,1637.3631829139892,1607.7017709749155,1631.231201171875,10610547,0.0,0.0
2025-03-07 00:00:00+05:30,1619.109945155919,1620.9162680194895,1592.8710891886537,1602.853271484375,8019331,0.0,0.0
2025-03-10 00:00:00+05:30,1602.8533592169706,1634.225933863566,1593.5366088108908,1617.5413818359375,7558981,0.0,0.0
2025-03-11 00:00:00+05:30,1597.1492261839649,1597.1492261839649,1556.3173920894415,1579.6566162109375,12671234,0.0,0.0
2025-03-12 00:00:00+05:30,1556.1746748414012,1556.1746748414012,1486.6796971141694,1512.3956298828125,14870008,0.0,0.0
2025-03-13 00:00:00+05:30,1520.381526929375,1526.8462251444753,1492.8592690164621,1501.938232421875,7822888,0.0,0.0
2025-03-17 00:00:00+05:30,1468.949515897204,1515.3904095675546,1468.949515897204,1511.63525390625,7526032,0.0,0.0
2025-03-18 00:00:00+05:30,1511.63525390625,1511.63525390625,1511.63525390625,1511.63525390625,0,0.0,0.0
2025-03-19 00:00:00+05:30,1523.9465678973438,1523.9465678973438,1495.2359553339961,1508.307861328125,7387068,0.0,0.0
2025-03-20 00:00:00+05:30,1513.4891497172634,1551.4214700841842,1513.4891497172634,1535.8778076171875,7186750,0.0,0.0
2025-03-21 00:00:00+05:30,1500.131882621123,1524.8022038807094,1486.5371700431922,1514.011962890625,10074677,0.0,0.0
2025-03-24 00:00:00+05:30,1519.1456594946171,1527.844442496362,1495.140885206093,1514.2021484375,8857726,0.0,0.0
2025-03-25 00:00:00+05:30,1525.84798372026,1555.46181670782,1525.84798372026,1548.1414794921875,9890140,0.0,0.0
2025-03-26 00:00:00+05:30,1545.8122407498795,1556.9827781599724,1516.3410356679321,1520.571533203125,6651302,0.0,0.0
2025-03-27 00:00:00+05:30,1516.8640098840594,1540.0606082841557,1507.7849306219216,1524.469482421875,9426573,0.0,0.0
2025-03-28 00:00:00+05:30,1511.5876072967835,1519.620840928022,1483.0670864043914,1493.19189453125,6799047,0.0,0.0
2025-04-01 00:00:00+05:30,1463.3404602190724,1471.0885586286036,1442.9957978349414,1451.21923828125,12680733,0.0,0.0
2025-04-02 00:00:00+05:30,1459.4902057913214,1478.9317655581158,1459.4902057913214,1473.7030029296875,6193478,0.0,0.0
2025-04-03 00:00:00+05:30,1458.9673514518697,1458.9673514518697,1411.8134441365378,1422.69873046875,10459504,0.0,0.0
2025-04-04 00:00:00+05:30,1388.4742004590178,1399.4070681791675,1376.5906485892897,1380.0606689453125,9590254,0.0,0.0
2025-04-07 00:00:00+05:30,1285.3249277060586,1336.5668248830998,1242.5441423903983,1327.8680419921875,21715252,0.0,0.0
2025-04-08 00:00:00+05:30,1360.4289830692378,1384.671428260199,1345.218037067066,1358.3375244140625,12805001,0.0,0.0
2025-04-09 00:00:00+05:30,1335.758736096975,1339.9416532809853,1313.7503760547593,1334.4752197265625,8546854,0.0,0.0
2025-04-11 00:00:00+05:30,1341.652928180614,1367.844321400648,1328.1532604606723,1339.941650390625,12567440,0.0,0.0
2025-04-15 00:00:00+05:30,1374.3089224037624,1376.3053358191778,1339.513907284088,1355.675537109375,10178530,0.0,0.0
2025-04-16 00:00:00+05:30,1354.7249077086744,1357.1016180730755,1327.9156612183533,1343.4117431640625,12022740,0.0,0.0
2025-04-17 00:00:00+05:30,1329.0563853909828,1359.2881865002564,1310.327954849587,1349.49609375,14264227,0.0,0.0
2025-04-21 00:00:00+05:30,1340.4645789137878,1399.2169026224717,1340.4645789137878,1379.442626953125,15648970,0.0,0.0
2025-04-22 00:00:00+05:30,1368.985143422317,1368.985143422317,1349.3060284057444,1352.6334228515625,9399738,0.0,0.0
2025-04-23 00:00:00+05:30,1374.6892676203474,1414.427911126592,1368.6048659090611,1402.1640625,11136642,0.0,0.0
2025-04-24 00:00:00+05:30,1397.4106437086987,1409.7695375562273,1389.4248737048488,1398.836669921875,7114292,0.0,0.0
2025-04-25 00:00:00+05:30,1402.7343459374797,1427.642222162945,1391.3261370921732,1407.2025146484375,8329979,0.0,0.0
2025-04-28 00:00:00+05:30,1407.2024661808139,1416.1389193452367,1393.0373668593481,1409.0087890625,5886253,0.0,0.0
2025-04-29 00:00:00+05:30,1408.9138107783806,1435.3428747016321,1401.4033833138335,1423.6494140625,8056743,0.0,0.0
2025-04-30 00:00:00+05:30,1422.9840278751349,1434.3922372400868,1409.4842438297574,1426.1212158203125,7704183,0.0,0.0
2025-05-02 00:00:00+05:30,1425.7408206525301,1448.081895785028,1422.4134264838601,1432.5858154296875,7402310,0.0,0.0
2025-05-05 00:00:00+05:30,1440.2864278864722,1447.8919007730015,1428.6881281546378,1434.2020263671875,4282493,0.0,0.0
2025-05-06 00:00:00+05:30,1431.7302219442606,1440.856765886036,1425.170478593818,1436.958984375,4270530,0.0,0.0
2025-05-07 00:00:00+05:30,1426.026145690909,1443.8990531370239,1422.7937965506155,1433.9168701171875,5691799,0.0,0.0
2025-05-08 00:00:00+05:30,1433.6315426322524,1441.7123570303784,1427.166844693632,1436.8638916015625,8424409,0.0,0.0
2025-05-09 00:00:00+05:30,1426.6915991963783,1436.8639888159648,1420.4171072727893,1433.2513427734375,4478653,0.0,0.0
2025-05-12 00:00:00+05:30,1461.2013305506293,1551.5163119444549,1456.4479104772702,1546.6678466796875,11372857,0.0,0.0
2025-05-13 00:00:00+05:30,1529.6505772658943,1532.6927196880702,1487.4401838690076,1491.242919921875,12846210,0.0,0.0
2025-05-14 00:00:00+05:30,1496.3767741072957,1516.3411402167324,1492.0986956552736,1513.869384765625,4870057,0.0,0.0
2025-05-15 00:00:00+05:30,1511.3976659657826,1538.7772990924948,1493.524758023796,1533.4534912109375,11151167,0.0,0.0
2025-05-16 00:00:00+05:30,1533.0731584594146,1533.0731584594146,1503.5069061207216,1511.49267578125,4576751,0.0,0.0
2025-05-19 00:00:00+05:30,1498.7534529196623,1506.8342676039738,1478.9791776249906,1482.8770751953125,8855798,0.0,0.0
2025-05-20 00:00:00+05:30,1492.5740269319685,1505.4082621953962,1481.1658178089215,1483.6375732421875,7143998,0.0,0.0
2025-05-21 00:00:00+05:30,1490.5776840160047,1493.5247816353951,1475.5568282070587,1491.1480712890625,4157309,0.0,0.0
2025-05-22 00:00:00+05:30,1478.789066286349,1483.8277382618005,1464.0534632471729,1471.18359375,6158990,0.0,0.0
2025-05-23 00:00:00+05:30,1473.5603223754533,1508.9257236923431,1473.5603223754533,1487.6304931640625,5038421,0.0,0.0
2025-05-26 00:00:00+05:30,1489.3416207391451,1505.693456152503,1485.6339297061554,1502.55615234375,3170102,0.0,0.0
2025-05-27 00:00:00+05:30,1501.985817890451,1504.8378701621398,1479.6447417622219,1492.6690673828125,7775714,0.0,0.0
2025-05-28 00:00:00+05:30,1503.0315254066693,1509.4010623010483,1492.5740005619675,1494.2852783203125,3623370,0.0,0.0
2025-05-29 00:00:00+05:30,1510.6368898553303,1529.5555248389078,1498.8483849371494,1507.404541015625,8609500,0.0,0.0
2025-05-30 00:00:00+05:30,1514.5387348868949,1515.5027951891782,1499.2101525439637,1506.5369873046875,13148092,22.0,0.0
2025-06-02 00:00:00+05:30,1503.9340358386107,1503.9340358386107,1483.6887699715526,1497.9569091796875,4374509,0.0,0.0
2025-06-03 00:00:00+05:30,1502.9700087561519,1510.9717563250315,1480.410974183671,1487.5450439453125,6853403,0.0,0.0
2025-06-04 00:00:00+05:30,1487.545069852834,1501.3311794658816,1486.0025968815146,1495.4503173828125,4548307,0.0,0.0
2025-06-05 00:00:00+05:30,1492.2689554139665,1511.3572786610305,1486.195328477135,1498.43896484375,6948539,0.0,0.0
2025-06-06 00:00:00+05:30,1498.8244913615613,1512.5142181403369,1487.641415492617,1507.5975341796875,3960020,0.0,0.0
2025-06-09 00:00:00+05:30,1521.2871674371763,1530.9277705261318,1514.5387452749073,1516.3704833984375,2903202,0.0,0.0
2025-06-10 00:00:00+05:30,1527.0715350387688,1549.726952383094,1520.8051430073597,1538.6402587890625,8591925,0.0,0.0
2025-06-11 00:00:00+05:30,1532.9521677606,1575.8528485433976,1532.9521677606,1572.4786376953125,10597410,0.0,0.0
2025-06-12 00:00:00+05:30,1558.8856061675938,1569.4902701551284,1540.6648417796544,1550.7874755859375,10483574,0.0,0.0
2025-06-13 00:00:00+05:30,1519.3591134860721,1551.1731050755648,1513.7675163758718,1544.4246826171875,6968315,0.0,0.0
2025-06-16 00:00:00+05:30,1542.4964798976407,1576.0458254086714,1539.7006814911979,1565.441162109375,5591842,0.0,0.0
2025-06-17 00:00:00+05:30,1562.452616510744,1588.193099360836,1557.535932091381,1580.962646484375,7622083,0.0,0.0
2025-06-18 00:00:00+05:30,1562.7417700471647,1585.589952431105,1562.7417700471647,1574.214111328125,5629707,0.0,0.0
2025-06-19 00:00:00+05:30,1565.5375611980423,1571.4183055533617,1553.5831898154863,1560.2352294921875,5147760,0.0,0.0
2025-06-20 00:00:00+05:30,1560.8136276168789,1572.0930860674746,1551.076642111549,1564.573486328125,9202821,0.0,0.0
2025-06-23 00:00:00+05:30,1543.4605584963404,1543.4605584963404,1518.7806380620095,1527.071533203125,7943676,0.0,0.0
2025-06-24 00:00:00+05:30,1543.4604830931148,1551.172965207259,1519.9373891083474,1524.7576904296875,8083992,0.0,0.0
2025-06-25 00:00:00+05:30,1532.8558375256184,1561.6812632899293,1528.1319186406413,1556.8609619140625,7813533,0.0,0.0
2025-06-26 00:00:00+05:30,1550.9803214172216,1565.6339915058402,1548.8593180602195,1557.9215087890625,6519233,0.0,0.0
2025-06-27 00:00:00+05:30,1560.8136478253264,1571.0326636135578,1544.8102701550988,1550.208984375,8912268,0.0,0.0
2025-06-30 00:00:00+05:30,1556.9573602116636,1556.9573602116636,1536.8084767193552,1544.2318115234375,6294505,0.0,0.0
2025-07-01 00:00:00+05:30,1551.1730095922587,1559.5602870581276,1542.978497111504,1549.0521240234375,4178937,0.0,0.0
2025-07-02 00:00:00+05:30,1559.8495930029494,1589.735462831807,1545.7743359105034,1552.619140625,8653641,0.0,0.0
2025-07-03 00:00:00+05:30,1560.331649069145,1573.7321112354073,1556.9574379034102,1560.5244140625,5259695,0.0,0.0
2025-07-04 00:00:00+05:30,1566.5980642699803,1584.3367981958825,1554.3545449332526,1581.7337646484375,4411273,0.0,0.0
2025-07-07 00:00:00+05:30,1581.058907066303,1584.91514830305,1564.669881810128,1568.526123046875,3294523,0.0,0.0
2025-07-08 00:00:00+05:30,1569.4902652889589,1587.0361167588558,1563.2238729521173,1579.8056640625,4590681,0.0,0.0
2025-07-09 00:00:00+05:30,1578.937970779495,1579.1307357618878,1565.248244218562,1574.9852294921875,4580828,0.0,0.0
2025-07-10 00:00:00+05:30,1579.998406486553,1579.998406486553,1549.341242702206,1557.7286376953125,5330179,0.0,0.0
2025-07-11 00:00:00+05:30,1522.3476337948875,1549.3413228616234,1506.8262861181436,1537.579833984375,11391755,0.0,0.0
2025-07-14 00:00:00+05:30,1534.5911874414394,1534.5911874414394,1503.7412587495296,1513.8638916015625,9173426,0.0,0.0
2025-07-15 00:00:00+05:30,1508.8507771918205,1545.967099361679,1507.790334380739,1528.614013671875,7614807,0.0,0.0
2025-07-16 00:00:00+05:30,1522.2511831800944,1554.0651724422496,1521.7691530397587,1550.112548828125,6223491,0.0,0.0
2025-07-17 00:00:00+05:30,1540.5683518202854,1552.1370753633664,1523.3116489985612,1526.5894775390625,7374814,0.0,0.0
2025-07-18 00:00:00+05:30,1534.8804313290245,1541.8217363306167,1523.2153248462614,1529.0960693359375,5161833,0.0,0.0
2025-07-21 00:00:00+05:30,1523.2153333190533,1531.8918763569468,1510.4897839367352,1527.36083984375,3682661,0.0,0.0
2025-07-22 00:00:00+05:30,1508.7544033781517,1528.806905141675,1508.7544033781517,1514.4423828125,8473741,0.0,0.0
2025-07-23 00:00:00+05:30,1519.648319505044,1534.6876368616054,1494.2934861823694,1517.9129638671875,8035026,0.0,0.0
2025-07-24 00:00:00+05:30,1523.21527148752,1525.14339208434,1492.558106924831,1496.70361328125,14169664,0.0,0.0
2025-07-25 00:00:00+05:30,1487.930738061539,1493.8114825426642,1456.9844249801497,1461.2261962890625,10851259,0.0,0.0
2025-07-28 00:00:00+05:30,1459.4908778130184,1464.6968268487494,1429.2193615593824,1461.515380859375,6439855,0.0,0.0
2025-07-29 00:00:00+05:30,1458.5267960319763,1462.6721845547067,1442.3305365336291,1459.2979736328125,7070448,0.0,0.0
2025-07-30 00:00:00+05:30,1465.2753927209724,1467.0106307922656,1451.8749299240865,1464.40771484375,5719051,0.0,0.0
2025-07-31 00:00:00+05:30,1455.4418850255533,1472.21655890233,1443.198365471235,1454.76708984375,6851407,0.0,0.0
2025-08-01 00:00:00+05:30,1440.2096707795008,1444.8370894973941,1412.83033538686,1416.782958984375,8702978,0.0,0.0
2025-08-04 00:00:00+05:30,1408.9741142502269,1429.5086455065348,1398.8514812022438,1427.291259765625,8610216,0.0,0.0
2025-08-05 00:00:00+05:30,1425.5559991895734,1425.5559991895734,1402.7078158601623,1407.8173828125,10213323,0.0,0.0
2025-08-06 00:00:00+05:30,1399.8155998166778,1403.768223634903,1378.895537719122,1385.0654296875,10566934,0.0,0.0
2025-08-07 00:00:00+05:30,1378.6062610201184,1390.1749848888187,1363.3740608530718,1385.25830078125,9892020,0.0,0.0
2025-08-08 00:00:00+05:30,1373.785961785155,1381.6912093691872,1366.169861688454,1371.9542236328125,10048009,0.0,0.0
2025-08-11 00:00:00+05:30,1368.8693412283471,1381.8841562074572,1363.1813615156616,1376.8709716796875,6625368,0.0,0.0
2025-08-12 00:00:00+05:30,1376.8708364780418,1389.2108550605094,1369.9296495773656,1372.918212890625,9899184,0.0,0.0
2025-08-13 00:00:00+05:30,1373.7858962323605,1382.4624387348806,1371.279363046038,1375.328369140625,10318063,0.0,0.0
2025-08-14 00:00:00+05:30,1374.9427475738962,1417.1686356270611,1374.9427475738962,1395.6700439453125,12902347,0.0,0.0
2025-08-18 00:00:00+05:30,1412.05912550974,1412.05912550974,1378.2206312900619,1384.1978759765625,7254561,0.0,0.0
2025-08-19 00:00:00+05:30,1381.2091389381637,1397.3090164904586,1381.2091389381637,1388.246826171875,3986094,0.0,0.0
2025-08-20 00:00:00+05:30,1388.921654258322,1445.1264179190935,1388.921654258322,1442.427001953125,10413061,0.0,0.0
2025-08-21 00:00:00+05:30,1453.802949118853,1453.802949118853,1430.9547668193538,1442.619873046875,6565539,0.0,0.0
2025-08-22 00:00:00+05:30,1444.258688328196,1450.2359327005538,1432.6899649169563,1434.0396728515625,5543397,0.0,0.0
2025-08-25 00:00:00+05:30,1452.549588321255,1483.6887826854402,1452.549588321255,1477.0367431640625,10694531,0.0,0.0
2025-08-26 00:00:00+05:30,1468.2638125760993,1483.1103644867733,1464.021923789744,1474.6265869140625,15994798,0.0,0.0
2025-08-28 00:00:00+05:30,1474.6266696224122,1474.6266696224122,1444.162386475055,1446.1868896484375,5443364,0.0,0.0
2025-08-29 00:00:00+05:30,1447.922152992462,1447.922152992462,1414.951220922169,1416.782958984375,8169075,0.0,0.0
2025-09-01 00:00:00+05:30,1423.6277245981132,1449.3682038919694,1423.145694472945,1445.511962890625,4546057,0.0,0.0
2025-09-02 00:00:00+05:30,1445.5120710387366,1458.4305028963795,1432.8829043510907,1444.837158203125,5218763,0.0,0.0
2025-09-03 00:00:00+05:30,1446.09053538698,1447.9222736017668,1420.0609057500144,1425.941650390625,4623483,0.0,0.0
2025-09-04 00:00:00+05:30,1430.6654315565193,1430.6654315565193,1407.6243677138264,1410.420166015625,5787724,0.0,0.0
2025-09-05 00:00:00+05:30,1417.1686742864704,1419.771590084351,1381.4984423486478,1392.6815185546875,5466487,0.0,0.0
2025-09-08 00:00:00+05:30,1398.8514448025214,1405.5998666589085,1376.9673238557784,1381.4019775390625,3811567,0.0,0.0
2025-09-09 00:00:00+05:30,1427.7733097648295,1453.0316426482493,1419.5787971834648,1450.2359619140625,13072640,0.0,0.0
2025-09-10 00:00:00+05:30,1455.8274419814547,1479.7361846012639,1455.056264347903,1477.518798828125,7281071,0.0,0.0
2025-09-11 00:00:00+05:30,1469.1314991861996,1472.6020926929066,1452.3568266067848,1455.4417724609375,8003662,0.0,0.0
2025-09-12 00:00:00+05:30,1481.7606968153777,1487.4486761823323,1466.4321143461764,1470.7703857421875,12856963,0.0,0.0
2025-09-15 00:00:00+05:30,1470.7703889313757,1472.6021270614033,1447.2472937742573,1454.1885986328125,6167414,0.0,0.0
2025-09-16 00:00:00+05:30,1454.18869843609,1459.5874130189484,1449.4647790449067,1456.9844970703125,8923112,0.0,0.0
2025-09-17 00:00:00+05:30,1462.3832147820146,1471.830935901443,1459.58741614181,1467.685546875,4795698,0.0,0.0
2025-09-18 00:00:00+05:30,1494.2935138953433,1499.1138155530703,1483.2068200825713,1485.2313232421875,9331945,0.0,0.0
2025-09-19 00:00:00+05:30,1489.0875921991392,1495.546867150236,1465.4681136380061,1484.845703125,12988129,0.0,0.0
2025-09-22 00:00:00+05:30,1429.4121385641438,1460.2620677071914,1428.7373434373958,1445.6083984375,15655204,0.0,0.0
2025-09-23 00:00:00+05:30,1439.3420265057648,1458.6232324870878,1439.3420265057648,1443.6802978515625,9832164,0.0,0.0
2025-09-24 00:00:00+05:30,1433.7504516255494,1442.909024606748,1429.4121802134027,1440.884521484375,4937004,0.0,0.0
2025-09-25 00:00:00+05:30,1435.4858961438838,1448.6934761875953,1423.4351414751138,1431.4368896484375,9491867,0.0,0.0
2025-09-26 00:00:00+05:30,1421.9889772759154,1425.555953399892,1389.4036912657584,1396.8270263671875,8597058,0.0,0.0
2025-09-29 00:00:00+05:30,1407.5280279964163,1412.3483294621576,1384.872611107433,1389.982177734375,10513117,0.0,0.0
2025-09-30 00:00:00+05:30,1391.1390030128964,1400.0083106366037,1386.4150840398418,1389.982177734375,7556305,0.0,0.0
2025-10-01 00:00:00+05:30,1394.0312659732858,1397.405477197979,1376.0997670015454,1393.8385009765625,6250692,0.0,0.0
2025-10-03 00:00:00+05:30,1387.282784330546,1396.2485922754322,1381.6911874663804,1394.609619140625,6877533,0.0,0.0
2025-10-06 00:00:00+05:30,1394.6096065704758,1425.6524188431904,1390.4642178899833,1422.9530029296875,4630590,0.0,0.0
2025-10-07 00:00:00+05:30,1424.5918193613172,1429.6050033943986,1401.743637948074,1406.0819091796875,5570320,0.0,0.0
2025-10-08 00:00:00+05:30,1404.6358503769075,1444.1623224877194,1402.707729786136,1441.2701416015625,4657192,0.0,0.0
2025-10-09 00:00:00+05:30,1448.0185870707542,1459.5873108023447,1433.557682406266,1455.0562744140625,7028753,0.0,0.0
2025-10-10 00:00:00+05:30,1455.7310370996563,1467.0104954131987,1444.933608930849,1460.4549560546875,3738353,0.0,0.0
2025-10-13 00:00:00+05:30,1443.1982662450723,1450.6214834671307,1430.087069727637,1439.5347900390625,5859355,0.0,0.0
2025-10-14 00:00:00+05:30,1445.1264411305913,1459.9729938155936,1433.075686951717,1436.353515625,5600789,0.0,0.0
2025-10-15 00:00:00+05:30,1430.5690952632847,1435.1001315764527,1414.75848288892,1421.4105224609375,6986098,0.0,0.0
2025-10-16 00:00:00+05:30,1420.9285143742625,1421.5069270236047,1408.0100826842827,1418.61474609375,8005748,0.0,0.0
2025-10-17 00:00:00+05:30,1402.6113299617484,1405.9855409539045,1382.462446500531,1389.3072509765625,16959378,0.0,0.0
2025-10-20 00:00:00+05:30,1401.4544470050912,1414.276496397426,1397.8874708768014,1408.395751953125,6994246,0.0,0.0
2025-10-21 00:00:00+05:30,1424.881136066363,1432.5936185349226,1417.1686535978035,1419.482421875,1698704,0.0,0.0
2025-10-23 00:00:00+05:30,1455.7310466373283,1490.4372172856354,1451.8748054541832,1473.566162109375,20358624,0.0,0.0
2025-10-24 00:00:00+05:30,1484.1708637038648,1487.5450748262833,1463.4435668090073,1470.57763671875,8652257,0.0,0.0
2025-10-27 00:00:00+05:30,1478.0165606695539,1483.2043487095048,1466.3685916918344,1472.633056640625,7273211,23.0,0.0
2025-10-28 00:00:00+05:30,1467.9347848431598,1474.5908017388306,1458.9296979699484,1468.4241943359375,8211019,0.0,0.0
2025-10-29 00:00:00+05:30,1468.4241778932897,1488.0005573851865,1465.1941469679696,1478.408203125,4884976,0.0,0.0
2025-10-30 00:00:00+05:30,1475.0801523386458,1476.2546872805226,1457.5592692997866,1462.1597900390625,5608867,0.0,0.0
2025-10-31 00:00:00+05:30,1458.4403008415877,1465.3898918009988,1449.3372364048548,1450.9034423828125,4819814,0.0,0.0
2025-11-03 00:00:00+05:30,1450.9033496746388,1459.8105780526128,1442.974820743242,1454.0355224609375,5470600,0.0,0.0
2025-11-04 00:00:00+05:30,1448.3583414401685,1450.511814804534,1431.9142548968182,1436.808349609375,8691330,0.0,0.0
2025-11-06 00:00:00+05:30,1447.2816360762577,1451.58846323567,1430.9354078512456,1435.6336669921875,7944752,0.0,0.0
2025-11-07 00:00:00+05:30,1438.8638806951196,1449.533031326473,1418.4065403991735,1445.5198974609375,8765759,0.0,0.0
2025-11-10 00:00:00+05:30,1458.5381171839108,1487.8048281611332,1458.4402591842686,1481.4425048828125,9787975,0.0,0.0
2025-11-11 00:00:00+05:30,1492.6989304110698,1500.9210336624128,1479.0933228205395,1497.88671875,13692989,0.0,0.0
2025-11-12 00:00:00+05:30,1507.3812396717751,1526.1745164244364,1505.5214596999074,1518.8333740234375,14635417,0.0,0.0
2025-11-13 00:00:00+05:30,1524.1189242683809,1524.5104757353395,1497.8866487683968,1509.14306640625,19655689,0.0,0.0
2025-11-14 00:00:00+05:30,1487.8047537888665,1497.59294295853,1457.2656513734084,1470.9691162109375,9739549,0.0,0.0
2025-11-17 00:00:00+05:30,1464.3132041198487,1478.212385937251,1460.8873376663598,1475.66748046875,7910354,0.0,0.0
2025-11-18 00:00:00+05:30,1474.1013313334302,1474.1013313334302,1451.784211591062,1454.91650390625,7525119,0.0,0.0
2025-11-19 00:00:00+05:30,1458.9296699222182,1510.317665675936,1458.9296699222182,1508.4578857421875,10981126,0.0,0.0
2025-11-20 00:00:00+05:30,1522.0634729079381,1522.0634729079381,1501.5082748815287,1503.955322265625,7387584,0.0,0.0
2025-11-21 00:00:00+05:30,1498.5718033380108,1518.6375916910017,1493.9714020948772,1512.2752685546875,9186302,0.0,0.0
2025-11-24 00:00:00+05:30,1530.4813442936104,1551.4280945139647,1508.3600590826622,1515.2117919921875,19270381,0.0,0.0
2025-11-25 00:00:00+05:30,1516.1905908718425,1517.7566773334454,1493.5798964672151,1498.1802978515625,8107952,0.0,0.0
2025-11-26 00:00:00+05:30,1499.6485223505715,1527.251289037942,1499.6485223505715,1524.902099609375,7575038,0.0,0.0
2025-11-27 00:00:00+05:30,1530.8728564928056,1540.954739594805,1519.3227449478784,1533.2220458984375,7552252,0.0,0.0
2025-11-28 00:00:00+05:30,1531.8516566735827,1535.179665000364,1524.0211050739736,1527.055419921875,4453221,0.0,0.0
2025-12-01 00:00:00+05:30,1529.4045743430058,1540.6609920101703,1523.042251313739,1530.872802734375,5341800,0.0,0.0
2025-12-02 00:00:00+05:30,1533.8093151456649,1546.4361036663386,1523.1401645511503,1527.9364013671875,6335969,0.0,0.0
2025-12-03 00:00:00+05:30,1522.1613705980963,1552.406900951154,1521.182551618934,1545.261474609375,12895312,0.0,0.0
2025-12-04 00:00:00+05:30,1534.7880917871573,1565.1314788059085,1534.7880917871573,1563.7611083984375,12609619,0.0,0.0
2025-12-05 00:00:00+05:30,1575.8985332981872,1597.2368345243183,1566.1103436503722,1581.9671630859375,10344725,0.0,0.0
2025-12-08 00:00:00+05:30,1582.8481284293375,1595.4749170068917,1566.306063981828,1576.681640625,7550413,0.0,0.0
2025-12-09 00:00:00+05:30,1567.2848235795727,1572.8641631737528,1548.883099378693,1565.1314697265625,6957599,0.0,0.0
2025-12-10 00:00:00+05:30,1573.9408513587562,1573.9408513587562,1549.2746619298632,1551.2322998046875,5116140,0.0,0.0
2025-12-11 00:00:00+05:30,1564.1527099609375,1573.3536321517727,1547.023378030827,1564.1527099609375,5159319,0.0,0.0
2025-12-12 00:00:00+05:30,1567.4806809838458,1567.8722324584342,1549.0788370408115,1564.348388671875,4633912,0.0,0.0
2025-12-15 00:00:00+05:30,1551.4280562362142,1576.6816332735752,1551.4280562362142,1572.766357421875,4190558,0.0,0.0
2025-12-16 00:00:00+05:30,1566.1103574156468,1569.0468143358012,1552.0153403019585,1559.1607666015625,5499258,0.0,0.0
2025-12-17 00:00:00+05:30,1553.5814245843821,1572.8642300238714,1552.4068896118622,1568.0679931640625,4817628,0.0,0.0
2025-12-18 00:00:00+05:30,1576.3879761796316,1595.4749463972676,1572.6684162407605,1592.3427734375,6577293,0.0,0.0
2025-12-19 00:00:00+05:30,1615.0513027562847,1619.847539612933,1595.2792073285575,1603.9906005859375,13149023,0.0,0.0
2025-12-22 00:00:00+05:30,1628.7547583833573,1657.3362243784013,1628.7547583833573,1653.8125,23098923,0.0,0.0
2025-12-23 00:00:00+05:30,1643.4370603643276,1643.4370603643276,1621.3157754082474,1632.9637451171875,6593060,0.0,0.0
2025-12-24 00:00:00+05:30,1625.8182910699556,1632.2784723030877,1617.4983299175808,1628.16748046875,4271167,0.0,0.0
2025-12-26 00:00:00+05:30,1628.167521100225,1633.453167508233,1616.7152673020842,1621.0220947265625,2006491,0.0,0.0
2025-12-29 00:00:00+05:30,1622.8818655924697,1637.6620082639456,1602.4245250544589,1609.863525390625,4062817,0.0,0.0
2025-12-30 00:00:00+05:30,1612.1148331917736,1612.9957941560388,1582.554548282334,1587.2528076171875,9395937,0.0,0.0
2025-12-31 00:00:00+05:30,1586.6655664923117,1594.1045668429529,1575.1154547350545,1581.1842041015625,6538656,0.0,0.0
2026-01-01 00:00:00+05:30,1581.184158007412,1604.8715288376811,1579.9116455766828,1595.2791748046875,3658165,0.0,0.0
2026-01-02 00:00:00+05:30,1601.2499777187402,1608.6889779975038,1593.0278744696911,1605.6546630859375,2524526,0.0,0.0
2026-01-05 00:00:00+05:30,1602.3265912739637,1602.3265912739637,1549.568226955718,1572.374755859375,5917885,0.0,0.0
2026-01-06 00:00:00+05:30,1566.2081943610224,1585.5888575673962,1565.1315174017209,1578.0518798828125,4466729,0.0,0.0
2026-01-07 00:00:00+05:30,1580.7926463324388,1607.2207586859843,1580.7926463324388,1604.2843017578125,4508079,0.0,0.0
2026-01-08 00:00:00+05:30,1604.186403368615,1609.472049603195,1574.5281413468902,1579.128662109375,3942131,0.0,0.0
2026-01-09 00:00:00+05:30,1575.898487352098,1596.747378487979,1572.9620305433675,1579.91162109375,6816681,0.0,0.0
2026-01-12 00:00:00+05:30,1575.996349102621,1579.1286413969012,1558.867017677559,1562.09716796875,6985362,0.0,0.0
2026-01-13 00:00:00+05:30,1583.7290294043642,1583.7290294043642,1552.7983751003353,1565.1314697265625,8080618,0.0,0.0
2026-01-14 00:00:00+05:30,1554.3644397699236,1582.7501883551427,1549.5682031809922,1565.91455078125,7557157,0.0,0.0
2026-01-15 00:00:00+05:30,1565.91455078125,1565.91455078125,1565.91455078125,1565.91455078125,0,0.0,0.0
2026-01-16 00:00:00+05:30,1628.461030733189,1658.119292555676,1618.3792672921977,1654.00830078125,19335957,0.0,0.0
2026-01-19 00:00:00+05:30,1649.309891747184,1649.309891747184,1631.201741600405,1645.59033203125,5104958,0.0,0.0
2026-01-20 00:00:00+05:30,1637.5641409981627,1644.6115898062917,1617.889903547792,1623.7628173828125,6406503,0.0,0.0
2026-01-21 00:00:00+05:30,1616.0301458476063,1621.9030597634667,1596.6494821313709,1619.358154296875,6224582,0.0,0.0
2026-01-22 00:00:00+05:30,1630.712428320841,1635.8022392467942,1618.7708845027832,1628.265380859375,6228892,0.0,0.0
2026-01-23 00:00:00+05:30,1631.8869227568262,1640.2068839190629,1626.9928279555104,1635.4107666015625,5869137,0.0,0.0
2026-01-27 00:00:00+05:30,1650.0930280724322,1653.6167523834592,1625.9161283991023,1647.05859375,10673087,0.0,0.0
2026-01-28 00:00:00+05:30,1644.4158380681818,1653.029492632909,1615.05126953125,1631.2017822265625,8588664,0.0,0.0
2026-01-29 00:00:00+05:30,1622.8818691859371,1631.2018305177105,1607.318623503672,1624.35009765625,4749582,0.0,0.0
2026-01-30 00:00:00+05:30,1619.9454090553113,1619.9454090553113,1583.8269648597889,1606.241943359375,9207926,0.0,0.0
2026-02-02 00:00:00+05:30,1626.7970461591942,1626.7970461591942,1583.7290136495644,1594.8875732421875,6784887,0.0,0.0
2026-02-03 00:00:00+05:30,1690.616056346825,1691.3991593070652,1617.9877374621406,1620.9241943359375,8805868,0.0,0.0
2026-02-04 00:00:00+05:30,1540.66097646391,1551.3301265638145,1478.1144237257668,1503.2701416015625,28828622,0.0,0.0
2026-02-05 00:00:00+05:30,1501.5082372972433,1518.1481590925844,1483.5958031001303,1488.00048828125,10628127,0.0,0.0
2026-02-06 00:00:00+05:30,1489.86026239605,1492.6988611765453,1448.6520095352703,1475.177978515625,13900866,0.0,0.0
2026-02-09 00:00:00+05:30,1489.8602864300617,1495.6353420798034,1461.376679139494,1465.4876708984375,8294615,0.0,0.0
2026-02-10 00:00:00+05:30,1468.2284271414342,1483.7916723660803,1459.4190565785855,1466.0750732421875,8657000,0.0,0.0
2026-02-11 00:00:00+05:30,1469.4029562852068,1474.003477029586,1437.885033967625,1440.7236328125,7934411,0.0,0.0
2026-02-12 00:00:00+05:30,1398.6344233110094,1405.2903204885395,1351.259562174479,1356.64306640625,26048896,0.0,0.0
2026-02-13 00:00:00+05:30,1266.493817560756,1348.1273389393946,1254.3564391221673,1340.1009521484375,45785709,0.0,0.0
2026-02-16 00:00:00+05:30,1344.6035807140283,1346.854912154694,1309.953484521095,1336.6751708984375,14621891,0.0,0.0
2026-02-17 00:00:00+05:30,1340.9819956812096,1400.6899531531467,1338.0455387563604,1361.73291015625,25347684,0.0,0.0
2026-02-18 00:00:00+05:30,1361.4392729027982,1371.3253201935424,1316.805153615715,1344.603515625,20241373,0.0,0.0
2026-02-19 00:00:00+05:30,1355.6643110050506,1372.3042339560152,1334.326009074035,1341.471435546875,14574228,0.0,0.0
2026-02-20 00:00:00+05:30,1330.4106332686276,1336.0878308198503,1309.8554358713993,1324.5377197265625,12633552,0.0,0.0
2026-02-23 00:00:00+05:30,1323.3632672728343,1323.3632672728343,1290.0834217940796,1299.3822021484375,12887826,0.0,0.0
2026-02-24 00:00:00+05:30,1273.4434027288626,1275.988307999553,1237.3249610296912,1248.4835205078125,27839061,0.0,0.0
2026-02-25 00:00:00+05:30,1258.9568742250233,1295.564726518415,1258.9568742250233,1262.7742919921875,16669618,0.0,0.0
2026-02-26 00:00:00+05:30,1277.848187510079,1286.168148899459,1259.054910753846,1261.7955322265625,11493914,0.0,0.0
2026-02-27 00:00:00+05:30,1298.207628321947,1306.723305439908,1266.7874442662774,1272.5625,23141724,0.0,0.0
2026-03-02 00:00:00+05:30,1263.6552272829085,1271.290062662244,1246.0364867011174,1261.5997314453125,9700361,0.0,0.0
2026-03-04 00:00:00+05:30,1264.6340504084835,1289.104523520103,1264.6340504084835,1279.7078857421875,15154950,0.0,0.0
2026-03-05 00:00:00+05:30,1292.0410271405913,1292.0410271405913,1262.7743163409898,1278.141845703125,10362147,0.0,0.0
2026-03-06 00:00:00+05:30,1275.4011212294208,1299.0884925711757,1275.4011212294208,1280.686767578125,8724291,0.0,0.0
2026-03-09 00:00:00+05:30,1262.676497890922,1290.0834296280893,1255.3353554613236,1287.14697265625,10068514,0.0,0.0
2026-03-10 00:00:00+05:30,1292.0410437407636,1293.0198627132945,1256.9014187299574,1268.1578369140625,9600171,0.0,0.0
2026-03-11 00:00:00+05:30,1260.7188580118502,1271.975276386956,1244.3726286871142,1249.2667236328125,7868891,0.0,0.0
2026-03-12 00:00:00+05:30,1245.5471752363726,1251.5179472285731,1231.3542997621664,1238.9891357421875,7599940,0.0,0.0
2026-03-13 00:00:00+05:30,1224.5025045780033,1242.7085131232232,1216.280401513626,1221.8597412109375,7366098,0.0,0.0
2026-03-16 00:00:00+05:30,1213.931245180508,1227.7326883178384,1198.2701415781937,1223.3280029296875,12314450,0.0,0.0
2026-03-17 00:00:00+05:30,1218.6295738865974,1218.6295738865974,1189.3628638376754,1206.785888671875,11223276,0.0,0.0
2026-03-18 00:00:00+05:30,1211.7778669014497,1263.459555545422,1208.7435520363658,1240.261474609375,12365381,0.0,0.0
2026-03-19 00:00:00+05:30,1217.846529327881,1228.4178221249233,1189.3629208552388,1194.9422607421875,9156461,0.0,0.0
2026-03-20 00:00:00+05:30,1215.6930991638783,1238.0102183433878,1203.1641691885866,1229.2987060546875,27299975,0.0,0.0
2026-03-23 00:00:00+05:30,1211.9735596886824,1234.3885372371806,1201.4023868626336,1230.1796875,12420293,0.0,0.0
2026-03-24 00:00:00+05:30,1242.1213008151199,1269.5282325903943,1224.5025589595862,1251.224365234375,13613495,0.0,0.0
2026-03-25 00:00:00+05:30,1243.100095463166,1263.263742406015,1230.4733068170258,1252.00732421875,10824030,0.0,0.0
2026-03-27 00:00:00+05:30,1257.9780904958054,1267.3748481809973,1236.444073189259,1242.806396484375,13092541,0.0,0.0
2026-03-30 00:00:00+05:30,1223.5236944376795,1238.6953882487069,1216.6719617488286,1224.1109619140625,14108486,0.0,0.0
2026-04-01 00:00:00+05:30,1262.6764804554484,1275.4011271577126,1242.610691424955,1248.6793212890625,8137156,0.0,0.0
2026-04-02 00:00:00+05:30,1233.3119397486187,1277.7503462365091,1233.116223742555,1273.247802734375,12873492,0.0,0.0
2026-04-06 00:00:00+05:30,1273.8350657038357,1292.041075138383,1271.4858762157266,1278.5333251953125,10208682,0.0,0.0
2026-04-07 00:00:00+05:30,1274.4222980187042,1316.609371698259,1266.1023367797188,1311.0301513671875,15355792,0.0,0.0
2026-04-08 00:00:00+05:30,1320.4267760360608,1347.7358488962445,1302.8080347694565,1317.68603515625,16030133,0.0,0.0
2026-04-09 00:00:00+05:30,1301.7313192842819,1309.170319257509,1286.1680743957882,1303.395263671875,14894607,0.0,0.0
2026-04-10 00:00:00+05:30,1290.0834192154255,1290.9643801968148,1256.1184483091881,1265.12353515625,19233369,0.0,0.0
2026-04-13 00:00:00+05:30,1245.0577246851824,1261.6976471062894,1238.8911174058185,1249.756103515625,10366082,0.0,0.0
2026-04-15 00:00:00+05:30,1278.631284802942,1294.4881045276459,1272.9540869097948,1277.6524658203125,12098912,0.0,0.0
2026-04-16 00:00:00+05:30,1294.0965334739733,1302.808046184627,1281.2740288923192,1291.2579345703125,18527029,0.0,0.0
2026-04-17 00:00:00+05:30,1285.1893342368037,1300.165312581974,1278.4354593069281,1290.7685546875,12064048,0.0,0.0
2026-04-20 00:00:00+05:30,1292.0410136169874,1296.8372503675125,1280.3930442184933,1284.7977294921875,7172300,0.0,0.0
2026-04-21 00:00:00+05:30,1282.2528368892558,1296.9351212811175,1271.7795218169556,1285.385009765625,10057440,0.0,0.0
2026-04-22 00:00:00+05:30,1267.5705813427946,1270.2133447995752,1229.2987830540255,1241.729736328125,20088378,0.0,0.0
2026-04-23 00:00:00+05:30,1227.438951608261,1238.891085420282,1200.0320212693207,1214.32275390625,14792854,0.0,0.0
2026-04-24 00:00:00+05:30,1174.5826894228176,1197.9764852174349,1127.7950978335834,1130.144287109375,42078914,0.0,0.0
2026-04-27 00:00:00+05:30,1130.1443119385692,1154.9084786451926,1130.04645394258,1145.5118408203125,19579883,0.0,0.0
2026-04-28 00:00:00+05:30,1138.0727223885278,1144.6308809119316,1125.4460537763027,1127.697265625,12720276,0.0,0.0
2026-04-29 00:00:00+05:30,1133.961747660014,1153.2444330805374,1132.2978032475876,1142.7711181640625,8303109,0.0,0.0
2026-04-30 00:00:00+05:30,1142.7711514334947,1164.5988623339997,1135.0384576467616,1156.768310546875,12205669,0.0,0.0
2026-05-01 00:00:00+05:30,1156.768310546875,1156.768310546875,1156.768310546875,1156.768310546875,0,0.0,0.0
2026-05-04 00:00:00+05:30,1169.6886601132755,1169.6886601132755,1140.5198072387318,1143.652099609375,7735811,0.0,0.0
2026-05-05 00:00:00+05:30,1144.728787187228,1160.0961972461241,1135.5278649580357,1153.1466064453125,8164108,0.0,0.0
2026-05-06 00:00:00+05:30,1161.8580797644604,1166.2627649868193,1139.443102180398,1142.4774169921875,9856963,0.0,0.0
2026-05-07 00:00:00+05:30,1148.1546369607545,1150.5038263553197,1134.6468875555572,1138.07275390625,12013987,0.0,0.0
2026-05-08 00:00:00+05:30,1136.4088093734103,1158.4322359116547,1134.2554554613432,1154.2232666015625,7582770,0.0,0.0
2026-05-11 00:00:00+05:30,1151.0911273032605,1161.8581361470833,1147.2737093616843,1152.0699462890625,7336288,0.0,0.0
2026-05-12 00:00:00+05:30,1137.3876630949442,1137.3876630949442,1099.2137225952,1116.1473388671875,16891948,0.0,0.0
2026-05-13 00:00:00+05:30,1112.5255790772605,1118.398492694932,1097.2560275682617,1099.3115234375,6664111,0.0,0.0
2026-05-14 00:00:00+05:30,1096.0815207310736,1098.137016652994,1065.933848927119,1071.8067626953125,16914842,0.0,0.0
2026-05-15 00:00:00+05:30,1078.658538900176,1109.1976439317652,1078.266987402901,1095.2984619140625,17482450,0.0,0.0
2026-05-18 00:00:00+05:30,1095.2984136735845,1121.8243835304838,1094.319594715878,1118.3006591796875,12096377,0.0,0.0
2026-05-19 00:00:00+05:30,1137.3876555901809,1173.0166903851343,1137.3876555901809,1171.5484619140625,32175705,0.0,0.0
2026-05-20 00:00:00+05:30,1161.8580984968487,1181.3366195800531,1159.802602590221,1168.4161376953125,15121010,0.0,0.0
2026-05-21 00:00:00+05:30,1170.7653346096859,1176.3446743746752,1152.0699163634372,1156.180908203125,10021033,0.0,0.0
2026-05-22 00:00:00+05:30,1157.4533539662823,1166.5564175672662,1147.6651649263981,1149.622802734375,8803066,0.0,0.0
2026-05-25 00:00:00+05:30,1157.9428754813864,1159.900513478819,1141.4008105061328,1143.75,5856136,0.0,0.0
2026-05-26 00:00:00+05:30,1141.5965459846338,1155.6914427435413,1138.2685377836078,1142.966796875,8005767,0.0,0.0
2026-05-27 00:00:00+05:30,1136.4088302961693,1142.5754376343073,1130.5359164445094,1135.3321533203125,6371871,0.0,0.0
2026-05-28 00:00:00+05:30,1135.3321533203125,1135.3321533203125,1135.3321533203125,1135.3321533203125,0,0.0,0.0
2026-05-29 00:00:00+05:30,1156.96396849116,1184.370898370815,1129.1654871448488,1136.3109130859375,69085430,0.0,0.0
2026-06-01 00:00:00+05:30,1150.1122640819906,1191.222659904496,1148.8397516554953,1177.02978515625,19439331,0.0,0.0
2026-06-02 00:00:00+05:30,1206.3943648530496,1251.811588367994,1206.3943648530496,1243.8831787109375,36032600,0.0,0.0
2026-06-03 00:00:00+05:30,1215.7909483013548,1223.425783618914,1190.2437985614154,1196.7039794921875,18534303,0.0,0.0
2026-06-04 00:00:00+05:30,1182.4132636253246,1189.4607121046952,1170.8631524946943,1175.855224609375,12755957,0.0,0.0
2026-06-05 00:00:00+05:30,1194.159169493737,1197.8787294549086,1169.0035692089534,1172.1357421875,8692290,0.0,0.0
2026-06-08 00:00:00+05:30,1152.559265415463,1175.26781631171,1151.5804465064052,1162.4453125,8631711,0.0,0.0
2026-06-09 00:00:00+05:30,1168.3182691086097,1168.3182691086097,1142.5754025403635,1155.300048828125,10984054,0.0,0.0
2026-06-10 00:00:00+05:30,1160.0999755859375,1171.4000244140625,1143.300048828125,1145.300048828125,8887626,25.0,0.0
2026-06-11 00:00:00+05:30,1129.699951171875,1133.699951171875,1109.0,1114.5999755859375,9372176,0.0,0.0
2026-06-12 00:00:00+05:30,1120.0,1123.300048828125,1111.5,1116.4000244140625,8075333,0.0,0.0
2026-06-15 00:00:00+05:30,1130.0,1151.0,1123.0,1134.9000244140625,7856192,0.0,0.0
2026-06-16 00:00:00+05:30,1136.9000244140625,1153.800048828125,1123.199951171875,1143.5999755859375,10456090,0.0,0.0
2026-06-17 00:00:00+05:30,1149.0,1162.5,1148.0,1157.699951171875,5995119,0.0,0.0
2026-06-18 00:00:00+05:30,1142.9000244140625,1142.9000244140625,1125.300048828125,1127.5,16781447,0.0,0.0
2026-06-19 00:00:00+05:30,1062.300048828125,1066.0,1030.0,1051.4000244140625,45665442,0.0,0.0
2026-06-22 00:00:00+05:30,1055.0,1080.300048828125,1055.0,1065.4000244140625,10178505,0.0,0.0
2026-06-23 00:00:00+05:30,1053.800048828125,1055.300048828125,1026.0,1029.300048828125,19323064,0.0,0.0
2026-06-24 00:00:00+05:30,1040.9000244140625,1065.5,1037.699951171875,1056.5999755859375,12346266,0.0,0.0
2026-06-25 00:00:00+05:30,1065.0,1068.0,1039.0999755859375,1041.199951171875,15866779,0.0,0.0
2026-06-26 00:00:00+05:30,1041.199951171875,1041.199951171875,1041.199951171875,1041.199951171875,0,0.0,0.0
2026-06-29 00:00:00+05:30,1037.0999755859375,1046.5999755859375,1029.0999755859375,1036.699951171875,15080892,0.0,0.0
2026-06-30 00:00:00+05:30,1030.0,1030.4000244140625,996.0,1000.4000244140625,24128263,0.0,0.0
2026-07-01 00:00:00+05:30,1006.0,1014.0,982.4000244140625,985.2999877929688,13037982,0.0,0.0
2026-07-02 00:00:00+05:30,1006.4000244140625,1045.0,1006.0,1040.9000244140625,18741111,0.0,0.0
2026-07-03 00:00:00+05:30,1063.0,1068.699951171875,1042.0,1047.199951171875,11653534,0.0,0.0
2026-07-06 00:00:00+05:30,1050.0999755859375,1053.0,1033.0,1042.199951171875,5559747,0.0,0.0
2026-07-07 00:00:00+05:30,1040.5999755859375,1087.5,1040.5999755859375,1071.800048828125,18866296,0.0,0.0
2026-07-08 00:00:00+05:30,1071.9000244140625,1079.699951171875,1064.4000244140625,1069.300048828125,13022221,0.0,0.0
2026-07-09 00:00:00+05:30,1062.699951171875,1062.699951171875,1040.4000244140625,1050.800048828125,9003333,0.0,0.0
2026-07-10 00:00:00+05:30,1075.0,1091.300048828125,1064.699951171875,1068.0,9747266,0.0,0.0
2026-07-13 00:00:00+05:30,1057.0999755859375,1114.9000244140625,1057.0999755859375,1102.5999755859375,20994760,0.0,0.0
2026-07-14 00:00:00+05:30,1107.800048828125,1113.5,1090.0,1092.9000244140625,14819413,0.0,0.0
2026-07-15 00:00:00+05:30,1079.0,1088.0999755859375,1073.0,1076.300048828125,8501933,0.0,0.0
2026-07-16 00:00:00+05:30,1082.5,1097.300048828125,1077.9000244140625,1082.4000244140625,8592146,0.0,0.0
2026-07-17 00:00:00+05:30,1105.0,1116.800048828125,1092.0,1096.5,12547728,0.0,0.0
2026-07-20 00:00:00+05:30,1102.0,1103.800048828125,1083.199951171875,1087.0999755859375,6372645,0.0,0.0
2026-07-21 00:00:00+05:30,1080.0,1094.5,1067.199951171875,1073.5,9485229,0.0,0.0
2026-07-22 00:00:00+05:30,1064.0,1069.300048828125,1046.199951171875,1052.0999755859375,7517203,0.0,0.0
2026-07-23 00:00:00+05:30,1046.9000244140625,1058.5,1032.0,1047.4000244140625,13794578,0.0,0.0
2026-07-24 00:00:00+05:30,1028.0,1043.4000244140625,1013.9000244140625,1040.9000244140625,29036900,0.0,0.0
2026-07-27 00:00:00+05:30,1065.0,1082.0,1057.4000244140625,1079.199951171875,15956349,0.0,0.0
2026-07-28 00:00:00+05:30,1097.0,1118.5,1097.0,1105.699951171875,28100895,0.0,0.0
2026-07-29 00:00:00+05:30,1147.0,1164.5,1128.4000244140625,1155.5999755859375,34400369,0.0,0.0
2026-07-30 00:00:00+05:30,1168.0,1187.699951171875,1151.300048828125,1155.0999755859375,22630218,0.0,0.0
2026-07-31 00:00:00+05:30,1118.9000244140625,1139.300048828125,1107.199951171875,1130.0999755859375,14367075,0.0,0.0
2026-08-03 00:00:00+05:30,1145.0999755859375,1180.0,1138.0999755859375,1180.0,8582270,0.0,0.0
2026-08-04 00:00:00+05:30,1168.0,1175.699951171875,1153.300048828125,1167.5,9243589,0.0,0.0
2026-08-05 00:00:00+05:30,1174.699951171875,1177.5,1162.300048828125,1174.0,9964155,0.0,0.0
2026-08-06 00:00:00+05:30,1174.0999755859375,1185.800048828125,1163.0,1165.0,8521064,0.0,0.0
2026-08-07 00:00:00+05:30,1160.0,1183.0,1155.5999755859375,1175.0999755859375,7581410,0.0,0.0
2026-08-10 00:00:00+05:30,1178.0999755859375,1195.0,1175.199951171875,1183.0,9377001,0.0,0.0
2026-08-11 00:00:00+05:30,1188.0,1193.5,1182.0,1190.699951171875,10111858,0.0,0.0
